epi_week_year,start,end,actual,ang mo kio,bedok,bishan,boon lay,bukit batok,bukit merah,bukit panjang,bukit timah,changi,choa chu kang,city,clementi,geylang,hougang,jurong east,jurong island,jurong west,kallang,lim chu kang,mandai,marine parade,novena,pasir ris,paya lebar,punggol,queenstown,seletar,sembawang,sengkang,sentosa,serangoon,sungei kadut,tampines,tanglin,tengah,toa payoh,tuas,woodlands,yishun
2013-W21,19/5/2013,25/5/2013,23/5/2013,0,63,5,4,3,0,0,21,4,41,0,0,32,20,0,0,42,23,0,0,0,2,14,0,0,4,0,0,6,0,10,0,203,0,0,15,0,3,81
2013-W22,26/5/2013,1/6/2013,27/5/2013,0,63,8,4,3,2,0,23,4,42,0,0,32,21,0,0,44,30,0,0,0,2,19,0,0,4,0,0,6,0,9,0,193,2,0,16,0,4,81
2013-W23,2/6/2013,8/6/2013,,,,,,,,,,,,,,,,,,,,,,,,,,,,,,,,,,,,,,,,
2013-W24,9/6/2013,15/6/2013,11/6/2013,23,30,0,4,6,0,11,25,16,109,0,0,43,59,0,0,105,46,0,0,10,3,88,0,5,11,0,0,0,0,8,0,297,1,0,9,0,4,126
2013-W25,16/6/2013,22/6/2013,17/6/2013,11,28,7,4,4,8,16,3,0,134,4,0,8,60,0,0,124,44,0,0,22,3,110,0,0,16,0,0,0,0,17,0,325,5,0,7,0,0,145
2013-W26,23/6/2013,29/6/2013,24/6/2013,9,30,0,13,2,15,21,3,0,169,4,0,10,47,6,0,145,44,0,0,14,3,128,2,0,25,0,0,0,0,15,0,374,10,0,20,0,18,156
2013-W27,30/6/2013,6/7/2013,4/7/2013,0,50,0,11,3,33,23,6,5,203,6,5,70,29,7,0,117,68,0,0,37,20,110,2,0,12,0,0,0,0,25,0,415,9,0,6,0,0,218
2013-W28,7/7/2013,13/7/2013,8/7/2013,0,57,0,12,3,37,31,0,5,207,0,5,93,31,6,0,122,52,0,0,32,16,143,2,0,15,0,0,0,0,41,0,434,6,0,6,0,13,232
2013-W29,14/7/2013,20/7/2013,18/7/2013,0,65,4,1,0,13,45,2,3,124,0,0,65,56,0,0,162,58,0,0,29,7,125,0,0,0,0,0,0,0,70,0,441,3,0,23,0,5,229
2013-W30,21/7/2013,27/7/2013,26/7/2013,0,59,2,0,0,0,53,1,3,98,1,0,31,24,0,0,82,23,0,0,24,5,155,3,0,0,0,3,2,0,67,0,421,0,0,20,0,0,112
2013-W31,28/7/2013,3/8/2013,,,,,,,,,,,,,,,,,,,,,,,,,,,,,,,,,,,,,,,,
2013-W32,4/8/2013,10/8/2013,7/8/2013,2,13,0,0,0,0,30,1,1,93,3,0,16,39,0,0,91,33,0,1,17,3,21,7,3,0,0,1,2,0,37,0,14,0,0,24,0,0,70
2013-W33,11/8/2013,17/8/2013,13/8/2013,4,15,0,0,0,0,42,0,3,3,3,0,20,34,0,0,92,24,0,1,16,0,1,8,3,0,0,1,2,0,38,0,16,0,0,4,0,0,69
2013-W34,18/8/2013,24/8/2013,21/8/2013,0,18,2,0,2,2,50,0,0,2,0,0,30,28,6,0,91,9,0,3,21,2,22,9,8,0,0,2,10,0,29,0,37,2,0,2,0,0,57
2013-W35,25/8/2013,31/8/2013,30/8/2013,3,20,6,0,0,3,48,0,0,11,0,0,4,36,4,0,11,25,0,0,3,2,12,10,13,0,0,0,17,0,29,0,56,3,0,9,0,0,9
2013-W36,1/9/2013,7/9/2013,6/9/2013,6,41,11,0,0,0,2,0,1,5,0,0,24,5,0,0,23,43,0,1,7,2,4,0,33,2,0,2,31,0,36,0,72,5,0,23,0,7,14
2013-W37,8/9/2013,14/9/2013,13/9/2013,12,22,19,0,0,2,0,0,0,8,1,0,30,13,11,0,25,60,0,1,13,8,15,0,35,0,0,2,38,0,45,0,80,0,0,33,0,13,13
2013-W38,15/9/2013,21/9/2013,,,,,,,,,,,,,,,,,,,,,,,,,,,,,,,,,,,,,,,,
2013-W39,22/9/2013,28/9/2013,,,,,,,,,,,,,,,,,,,,,,,,,,,,,,,,,,,,,,,,
2013-W40,29/9/2013,5/10/2013,,,,,,,,,,,,,,,,,,,,,,,,,,,,,,,,,,,,,,,,
2013-W41,6/10/2013,12/10/2013,,,,,,,,,,,,,,,,,,,,,,,,,,,,,,,,,,,,,,,,
2013-W42,13/10/2013,19/10/2013,,,,,,,,,,,,,,,,,,,,,,,,,,,,,,,,,,,,,,,,
2013-W43,20/10/2013,26/10/2013,,,,,,,,,,,,,,,,,,,,,,,,,,,,,,,,,,,,,,,,
2013-W44,27/10/2013,2/11/2013,30/10/2013,9,176,48,0,3,3,4,0,0,9,2,5,22,47,79,0,8,10,0,1,4,3,12,0,0,0,2,3,0,0,6,0,111,82,0,88,0,13,30
2013-W45,3/11/2013,9/11/2013,4/11/2013,5,181,52,0,5,3,4,3,0,11,5,6,23,48,0,0,7,20,0,0,0,6,13,0,0,2,2,3,0,1,5,0,115,99,0,23,0,14,16
2013-W46,10/11/2013,16/11/2013,11/11/2013,5,175,56,0,0,0,0,6,2,8,10,4,6,48,2,0,2,17,3,0,3,6,21,1,0,0,2,3,2,1,2,0,0,134,0,31,0,2,26
2013-W47,17/11/2013,23/11/2013,18/11/2013,2,172,62,0,8,4,0,8,0,6,12,2,20,60,7,0,2,6,0,2,6,15,14,1,6,2,4,0,2,1,3,0,5,151,0,24,4,7,27
2013-W48,24/11/2013,30/11/2013,25/11/2013,3,161,66,0,13,0,2,6,3,6,4,0,37,68,2,0,11,7,0,0,4,25,11,0,0,3,0,3,2,0,1,0,13,152,0,34,0,8,23
2013-W49,1/12/2013,7/12/2013,2/12/2013,12,22,68,2,2,2,0,7,1,0,2,0,55,73,5,0,0,8,0,0,6,21,13,0,2,7,1,2,0,0,7,0,15,128,0,40,0,9,34
2013-W50,8/12/2013,14/12/2013,9/12/2013,17,5,2,0,3,3,2,6,0,9,3,0,79,9,2,0,2,15,0,0,0,19,16,2,0,0,0,4,0,0,24,0,4,20,0,30,0,0,38
2013-W51,15/12/2013,21/12/2013,16/12/2013,17,11,0,0,4,5,0,11,0,10,0,0,82,0,0,0,17,10,0,0,2,26,2,0,0,9,0,7,0,0,27,0,2,3,0,36,0,10,37
2013-W52,22/12/2013,28/12/2013,24/12/2013,2,15,5,0,11,0,0,1,0,7,0,0,69,16,3,0,27,12,0,0,1,36,0,0,0,0,5,5,2,0,38,0,0,0,0,11,0,7,43
2014-W01,29/12/2013,4/1/2014,31/12/2013,5,29,10,0,3,2,0,3,0,7,0,0,59,2,4,0,42,16,0,0,3,50,7,0,0,4,7,3,2,0,40,5,4,0,0,24,0,4,53
2014-W02,5/1/2014,11/1/2014,6/1/2014,0,32,8,0,3,2,2,3,1,4,0,0,66,9,2,0,46,22,0,0,3,62,12,0,0,0,10,3,0,0,43,3,7,0,0,33,0,3,60
2014-W03,12/1/2014,18/1/2014,17/1/2014,4,10,16,0,14,3,4,15,0,11,0,0,113,26,0,0,84,32,0,0,9,20,0,0,2,4,0,5,0,0,65,0,8,0,0,26,0,31,59
2014-W04,19/1/2014,25/1/2014,,,,,,,,,,,,,,,,,,,,,,,,,,,,,,,,,,,,,,,,
2014-W05,26/1/2014,1/2/2014,,,,,,,,,,,,,,,,,,,,,,,,,,,,,,,,,,,,,,,,
2014-W06,2/2/2014,8/2/2014,4/2/2014,5,25,2,0,2,5,0,19,1,6,2,2,26,20,0,0,4,9,0,0,9,6,2,0,0,2,0,2,0,0,11,0,11,4,0,0,0,52,8
2014-W07,9/2/2014,15/2/2014,14/2/2014,5,15,2,0,11,7,0,9,0,0,0,6,12,32,0,0,19,9,0,0,16,4,0,0,0,3,0,0,12,0,14,0,0,1,0,14,0,60,0
2014-W08,16/2/2014,22/2/2014,,0,0,0,0,0,0,0,0,0,0,0,0,0,0,0,0,0,0,0,0,0,0,0,0,0,0,0,0,0,0,0,0,0,0,0,0,0,0,0
2014-W09,23/2/2014,1/3/2014,,0,0,0,0,0,0,0,0,0,0,0,0,0,0,0,0,0,0,0,0,0,0,0,0,0,0,0,0,0,0,0,0,0,0,0,0,0,0,0
2014-W10,2/3/2014,8/3/2014,4/3/2014,2,11,4,3,17,0,0,10,0,0,0,0,0,7,0,0,2,10,0,0,9,0,0,0,0,2,0,0,27,0,0,0,2,0,0,6,0,2,6
2014-W11,9/3/2014,15/3/2014,14/3/2014,3,16,11,0,2,0,0,0,0,0,0,0,3,28,0,0,6,18,0,0,9,2,0,0,0,0,0,0,33,0,8,0,11,0,0,3,0,4,2
2014-W12,16/3/2014,22/3/2014,,0,0,0,0,0,0,0,0,0,0,0,0,0,0,0,0,0,0,0,0,0,0,0,0,0,0,0,0,0,0,0,0,0,0,0,0,0,0,0
2014-W13,23/3/2014,29/3/2014,,0,0,0,0,0,0,0,0,0,0,0,0,0,0,0,0,0,0,0,0,0,0,0,0,0,0,0,0,0,0,0,0,0,0,0,0,0,0,0
2014-W14,30/3/2014,5/4/2014,4/4/2014,0,9,0,0,3,0,0,0,0,0,0,0,8,127,0,0,3,13,0,0,23,0,0,1,0,3,0,0,72,0,22,3,0,6,0,4,0,5,0
2014-W15,6/4/2014,12/4/2014,,,,,,,,,,,,,,,,,,,,,,,,,,,,,,,,,,,,,,,,
2014-W16,13/4/2014,19/4/2014,14/4/2014,0,4,0,0,3,0,0,15,0,0,0,0,13,145,1,0,8,14,0,0,30,0,0,2,0,3,0,0,124,0,35,0,1,9,0,7,0,3,0
2014-W17,20/4/2014,26/4/2014,,,,,,,,,,,,,,,,,,,,,,,,,,,,,,,,,,,,,,,,
2014-W18,27/4/2014,3/5/2014,2/5/2014,1,2,0,0,0,0,0,100,0,0,0,0,7,95,6,0,4,26,0,0,10,0,0,0,0,8,0,0,170,1,67,0,0,5,0,6,0,0,0
2014-W19,4/5/2014,10/5/2014,,,,,,,,,,,,,,,,,,,,,,,,,,,,,,,,,,,,,,,,
2014-W20,11/5/2014,17/5/2014,12/5/2014,0,6,2,0,0,2,0,134,0,4,0,0,7,91,0,0,0,31,0,0,6,0,2,2,0,6,0,0,0,0,65,0,0,7,0,3,0,0,0
2014-W21,18/5/2014,24/5/2014,,,,,,,,,,,,,,,,,,,,,,,,,,,,,,,,,,,,,,,,
2014-W22,25/5/2014,31/5/2014,,,,,,,,,,,,,,,,,,,,,,,,,,,,,,,,,,,,,,,,
2014-W23,1/6/2014,7/6/2014,3/6/2014,7,33,6,0,0,2,2,211,0,0,0,0,11,270,0,0,0,35,0,0,24,0,99,9,0,13,0,0,0,0,102,0,3,3,0,4,0,2,0
2014-W24,8/6/2014,14/6/2014,13/6/2014,5,59,5,2,0,0,5,2,0,0,1,0,30,425,1,0,4,58,0,0,32,5,153,2,3,11,0,0,4,0,109,0,17,0,0,19,0,0,0
2014-W25,15/6/2014,21/6/2014,,,,,,,,,,,,,,,,,,,,,,,,,,,,,,,,,,,,,,,,
2014-W26,22/6/2014,28/6/2014,,,,,,,,,,,,,,,,,,,,,,,,,,,,,,,,,,,,,,,,
2014-W27,29/6/2014,5/7/2014,1/7/2014,17,79,22,3,0,3,0,4,0,32,0,0,68,624,2,0,2,32,0,0,33,0,262,5,4,0,6,3,3,2,68,0,41,0,0,50,0,0,5
2014-W28,6/7/2014,12/7/2014,,,,,,,,,,,,,,,,,,,,,,,,,,,,,,,,,,,,,,,,
2014-W29,13/7/2014,19/7/2014,14/7/2014,27,100,19,0,15,2,0,0,1,304,7,2,132,551,0,0,15,30,0,0,71,0,101,10,0,2,10,7,0,2,78,0,24,0,0,82,0,0,28
2014-W30,20/7/2014,26/7/2014,21/7/2014,22,111,19,0,13,0,0,6,0,586,9,1,180,195,0,0,6,17,0,0,46,3,114,10,4,2,0,0,2,2,86,0,18,3,0,103,0,4,8
2014-W31,27/7/2014,2/8/2014,29/7/2014,21,23,22,0,23,0,6,6,4,718,18,0,242,173,0,0,7,19,0,0,72,2,7,10,4,2,2,0,2,0,85,0,31,7,0,98,0,7,8
2014-W32,3/8/2014,9/8/2014,5/8/2014,23,34,26,4,27,3,6,9,0,768,31,14,298,136,2,0,8,17,0,0,110,4,32,12,0,0,3,0,2,3,52,2,19,14,0,18,0,9,6
2014-W33,10/8/2014,16/8/2014,12/8/2014,27,35,27,0,23,0,2,24,0,787,1,16,335,88,0,0,7,31,0,0,100,0,26,12,1,0,0,3,5,0,49,0,7,19,0,19,0,14,3
2014-W34,17/8/2014,23/8/2014,,,,,,,,,,,,,,,,,,,,,,,,,,,,,,,,,,,,,,,,
2014-W35,24/8/2014,30/8/2014,,,,,,,,,,,,,,,,,,,,,,,,,,,,,,,,,,,,,,,,
2014-W36,31/8/2014,6/9/2014,,,,,,,,,,,,,,,,,,,,,,,,,,,,,,,,,,,,,,,,
2014-W37,7/9/2014,13/9/2014,,,,,,,,,,,,,,,,,,,,,,,,,,,,,,,,,,,,,,,,
2014-W38,14/9/2014,20/9/2014,,,,,,,,,,,,,,,,,,,,,,,,,,,,,,,,,,,,,,,,
2014-W39,21/9/2014,27/9/2014,22/9/2014,15,89,8,3,0,2,128,4,9,7,2,0,59,34,0,0,0,10,0,0,28,2,18,0,0,0,1,3,1,0,24,8,0,7,0,0,0,7,2
2014-W40,28/9/2014,4/10/2014,29/9/2014,18,97,2,3,2,0,131,0,9,14,4,3,55,41,0,0,10,19,0,0,34,0,5,0,2,0,0,0,0,0,40,10,4,0,0,5,0,2,2
2014-W41,5/10/2014,11/10/2014,7/10/2014,3,113,5,3,3,2,141,2,11,10,0,5,46,42,2,0,22,28,0,0,35,1,18,0,0,0,0,2,2,0,52,0,6,4,0,4,0,3,5
2014-W42,12/10/2014,18/10/2014,13/10/2014,4,13,5,0,0,0,13,3,0,13,0,3,46,50,2,0,33,23,0,0,19,3,5,0,0,0,0,0,0,0,43,4,8,0,0,3,0,3,0
2014-W43,19/10/2014,25/10/2014,,,,,,,,,,,,,,,,,,,,,,,,,,,,,,,,,,,,,,,,
2014-W44,26/10/2014,1/11/2014,,,,,,,,,,,,,,,,,,,,,,,,,,,,,,,,,,,,,,,,
2014-W45,2/11/2014,8/11/2014,,,,,,,,,,,,,,,,,,,,,,,,,,,,,,,,,,,,,,,,
2014-W46,9/11/2014,15/11/2014,,,,,,,,,,,,,,,,,,,,,,,,,,,,,,,,,,,,,,,,
2014-W47,16/11/2014,22/11/2014,,,,,,,,,,,,,,,,,,,,,,,,,,,,,,,,,,,,,,,,
2014-W48,23/11/2014,29/11/2014,24/11/2014,0,14,4,2,6,2,0,0,0,3,0,2,22,0,2,0,0,10,0,0,8,0,0,0,0,0,0,0,0,0,21,1,5,0,0,0,0,0,0
2014-W49,30/11/2014,6/12/2014,1/12/2014,5,6,0,3,8,0,0,0,0,0,0,3,14,0,3,0,0,7,0,0,7,1,8,0,0,0,3,0,0,0,26,2,0,0,0,0,0,0,4
2014-W50,7/12/2014,13/12/2014,9/12/2014,7,10,0,5,2,0,0,0,0,0,0,0,30,10,0,0,0,18,0,0,6,3,16,0,0,0,0,0,0,0,38,2,5,0,0,4,0,0,0
2014-W51,14/12/2014,20/12/2014,15/12/2014,3,19,4,0,0,0,0,0,2,3,0,0,32,8,0,0,4,21,0,0,2,4,5,0,0,0,4,0,0,0,37,0,0,0,0,0,0,0,0
2014-W52,21/12/2014,27/12/2014,22/12/2014,3,8,21,0,0,0,0,0,0,5,1,2,15,12,0,0,3,19,0,2,7,5,9,0,0,0,0,0,0,0,42,0,2,0,0,0,0,0,0
2014-W53,28/12/2014,3/1/2015,30/12/2014,9,1,9,0,0,0,2,0,0,0,0,3,24,14,0,0,2,6,0,0,13,3,8,0,0,3,0,0,0,0,7,0,0,0,0,2,0,0,3
2015-W01,4/1/2015,10/1/2015,7/1/2015,5,2,10,0,0,0,0,0,3,4,0,0,19,30,0,0,9,4,0,0,21,0,15,0,0,0,0,0,4,0,7,0,2,0,0,8,0,10,0
2015-W02,11/1/2015,17/1/2015,12/1/2015,6,4,16,0,0,0,0,0,0,4,0,0,17,36,0,0,17,6,0,0,27,0,18,0,2,2,0,2,2,0,12,2,3,0,0,6,0,3,0
2015-W03,18/1/2015,24/1/2015,19/1/2015,3,8,21,0,4,0,0,4,0,4,0,0,10,11,0,0,13,5,0,0,50,2,12,3,3,4,0,0,5,0,19,2,4,0,0,0,0,0,0
2015-W04,25/1/2015,31/1/2015,26/1/2015,9,10,27,0,6,3,0,1,0,2,0,4,6,13,0,0,3,5,0,0,50,2,16,3,2,0,0,0,6,0,22,0,5,2,0,4,0,0,0
2015-W05,1/2/2015,7/2/2015,2/2/2015,20,16,29,3,3,0,5,0,1,4,2,8,8,4,2,0,5,2,0,0,48,0,12,0,4,0,2,0,11,0,12,0,11,0,0,17,0,0,0
2015-W06,8/2/2015,14/2/2015,9/2/2015,16,29,30,4,0,0,4,0,0,8,2,0,13,11,0,0,10,5,0,0,8,0,5,0,0,5,2,2,0,0,2,0,11,0,0,6,0,0,0
2015-W07,15/2/2015,21/2/2015,16/2/2015,15,45,35,0,0,0,7,0,2,10,0,4,20,0,0,0,2,0,0,0,7,0,15,0,0,0,3,4,0,0,4,0,0,0,0,9,0,2,0
2015-W08,22/2/2015,28/2/2015,23/2/2015,17,47,38,0,0,0,2,0,0,2,0,4,2,4,0,0,0,0,0,0,8,0,14,0,0,0,3,5,2,0,5,0,0,0,0,7,0,0,1
2015-W09,1/3/2015,7/3/2015,2/3/2015,6,12,39,0,0,0,0,0,0,0,0,7,8,25,0,0,3,2,0,0,0,0,0,0,2,5,0,0,0,0,1,0,0,0,0,2,0,0,0
2015-W10,8/3/2015,14/3/2015,9/3/2015,3,16,2,4,0,0,0,0,0,2,0,0,9,13,0,0,10,3,0,0,4,0,0,0,0,0,0,0,0,0,3,0,0,0,0,4,0,0,2
2015-W11,15/3/2015,21/3/2015,16/3/2015,5,23,9,0,0,2,0,0,1,5,3,0,7,2,0,0,0,5,0,0,5,0,3,0,0,0,0,0,2,0,1,0,1,0,0,0,0,3,12
2015-W12,22/3/2015,28/3/2015,23/3/2015,0,4,9,0,0,0,0,0,0,4,5,0,4,2,0,0,4,0,0,0,0,0,4,0,0,0,0,0,0,0,0,0,0,0,0,5,0,6,14
2015-W13,29/3/2015,4/4/2015,30/3/2015,0,2,10,0,2,0,0,0,0,3,5,0,17,4,0,0,0,0,0,0,0,0,3,0,2,0,0,2,0,0,0,0,2,0,0,0,0,2,13
2015-W14,5/4/2015,11/4/2015,6/4/2015,0,2,13,0,2,0,0,0,0,0,7,2,22,4,0,0,2,2,0,0,0,0,0,0,0,0,4,7,0,0,0,0,4,0,0,0,0,5,16
2015-W15,12/4/2015,18/4/2015,13/4/2015,0,0,0,0,0,2,0,0,0,0,0,0,37,6,0,0,2,0,0,0,2,0,4,0,0,0,0,6,0,0,1,0,1,0,0,0,0,4,22
2015-W16,19/4/2015,25/4/2015,,,,,,,,,,,,,,,,,,,,,,,,,,,,,,,,,,,,,,,,
2015-W17,26/4/2015,2/5/2015,,,,,,,,,,,,,,,,,,,,,,,,,,,,,,,,,,,,,,,,
2015-W18,3/5/2015,9/5/2015,,,,,,,,,,,,,,,,,,,,,,,,,,,,,,,,,,,,,,,,
2015-W19,10/5/2015,16/5/2015,,,,,,,,,,,,,,,,,,,,,,,,,,,,,,,,,,,,,,,,
2015-W20,17/5/2015,23/5/2015,,,,,,,,,,,,,,,,,,,,,,,,,,,,,,,,,,,,,,,,
2015-W21,24/5/2015,30/5/2015,,,,,,,,,,,,,,,,,,,,,,,,,,,,,,,,,,,,,,,,
2015-W22,31/5/2015,6/6/2015,,,,,,,,,,,,,,,,,,,,,,,,,,,,,,,,,,,,,,,,
2015-W23,7/6/2015,13/6/2015,,,,,,,,,,,,,,,,,,,,,,,,,,,,,,,,,,,,,,,,
2015-W24,14/6/2015,20/6/2015,,,,,,,,,,,,,,,,,,,,,,,,,,,,,,,,,,,,,,,,
2015-W25,21/6/2015,27/6/2015,,,,,,,,,,,,,,,,,,,,,,,,,,,,,,,,,,,,,,,,
2015-W26,28/6/2015,4/7/2015,3/7/2015,2,9,138,0,0,2,0,2,0,4,0,0,4,6,4,0,5,4,0,0,12,0,6,0,4,10,0,4,2,0,0,0,21,2,0,0,0,5,45
2015-W27,5/7/2015,11/7/2015,,,,,,,,,,,,,,,,,,,,,,,,,,,,,,,,,,,,,,,,
2015-W28,12/7/2015,18/7/2015,16/7/2015,7,15,206,0,2,0,0,2,3,4,2,0,2,0,2,0,0,7,0,0,0,0,20,0,2,4,0,15,4,0,2,0,16,0,0,2,0,17,66
2015-W29,19/7/2015,25/7/2015,,,,,,,,,,,,,,,,,,,,,,,,,,,,,,,,,,,,,,,,
2015-W30,26/7/2015,1/8/2015,,,,,,,,,,,,,,,,,,,,,,,,,,,,,,,,,,,,,,,,
2015-W31,2/8/2015,8/8/2015,6/8/2015,13,19,326,5,0,3,0,0,0,0,0,2,3,4,3,0,4,6,0,0,7,0,10,0,2,0,0,13,0,0,3,0,42,0,0,4,0,9,46
2015-W32,9/8/2015,15/8/2015,11/8/2015,11,24,332,5,0,0,0,0,0,0,0,3,3,4,3,0,4,6,0,0,5,0,7,0,0,0,0,13,0,0,6,0,43,0,0,5,0,12,49
2015-W33,16/8/2015,22/8/2015,17/8/2015,7,30,26,3,0,0,2,1,0,5,6,7,3,13,0,0,7,8,0,0,11,0,3,0,2,4,3,9,0,0,3,0,4,0,0,5,0,13,47
2015-W34,23/8/2015,29/8/2015,25/8/2015,4,16,41,0,0,2,0,1,1,2,5,9,9,8,4,0,0,5,0,0,10,1,3,0,2,3,0,0,0,0,9,0,4,0,0,5,0,5,27
2015-W35,30/8/2015,5/9/2015,31/8/2015,3,37,15,0,0,0,0,2,1,2,1,10,9,11,6,0,2,3,0,0,7,1,9,0,4,0,0,0,0,0,12,0,0,1,0,6,0,9,33
2015-W36,6/9/2015,12/9/2015,7/9/2015,2,38,22,0,0,0,1,0,4,4,1,14,1,35,0,0,3,6,0,0,15,1,3,0,3,0,0,0,2,0,18,0,17,1,0,9,0,2,48
2015-W37,13/9/2015,19/9/2015,14/9/2015,6,25,22,0,4,0,3,2,5,0,0,16,3,42,0,0,5,4,0,0,12,1,0,0,4,0,3,2,2,0,17,0,13,0,0,10,0,6,59
2015-W38,20/9/2015,26/9/2015,22/9/2015,4,36,35,3,4,0,2,0,0,0,1,0,17,34,2,0,0,19,0,0,28,1,6,0,0,0,5,3,0,0,27,0,2,0,0,19,0,2,63
2015-W39,27/9/2015,3/10/2015,28/9/2015,8,45,39,4,3,0,2,0,0,0,2,2,17,38,2,0,2,14,0,0,24,2,15,0,0,0,3,6,0,0,4,0,11,0,0,14,0,2,74
2015-W40,4/10/2015,10/10/2015,5/10/2015,7,51,43,0,0,2,0,0,1,0,5,6,2,10,0,0,5,16,0,0,29,5,30,1,0,0,3,4,3,0,8,0,33,0,0,19,0,7,45
2015-W41,11/10/2015,17/10/2015,12/10/2015,8,49,53,2,2,0,0,5,0,2,4,7,1,17,2,0,4,15,0,0,32,5,44,0,0,0,2,3,3,0,13,0,43,4,0,26,0,4,50
2015-W42,18/10/2015,24/10/2015,19/10/2015,10,45,27,0,4,0,0,3,0,4,2,0,0,3,2,0,3,3,0,0,37,3,63,0,0,0,0,4,0,0,3,0,25,2,0,33,0,6,12
2015-W43,25/10/2015,31/10/2015,26/10/2015,0,18,34,2,3,0,0,3,0,3,0,0,6,19,3,0,0,12,0,0,24,7,78,0,0,0,0,7,2,0,9,0,35,0,0,6,0,2,22
2015-W44,1/11/2015,7/11/2015,2/11/2015,6,27,32,0,0,0,0,3,2,3,2,0,10,22,0,0,10,26,0,0,27,11,70,0,2,0,0,14,2,0,13,0,27,1,0,14,0,0,15
2015-W45,8/11/2015,14/11/2015,9/11/2015,7,20,6,0,0,2,0,3,3,1,2,6,3,24,0,0,12,40,0,0,7,5,89,0,0,0,0,20,0,0,21,0,44,3,0,23,0,6,11
2015-W46,15/11/2015,21/11/2015,16/11/2015,0,19,11,0,0,0,0,3,6,0,2,10,4,20,0,0,0,45,0,0,8,8,92,0,2,0,0,24,2,0,15,0,53,1,0,22,0,2,7
2015-W47,22/11/2015,28/11/2015,23/11/2015,4,15,16,0,2,0,0,0,8,0,0,10,4,29,2,0,5,42,0,0,8,12,102,0,0,0,0,0,0,0,6,0,66,1,0,0,0,7,4
2015-W48,29/11/2015,5/12/2015,30/11/2015,7,17,24,0,2,0,2,0,11,2,0,0,7,44,0,0,4,36,0,0,14,16,37,0,2,0,0,2,0,0,15,1,96,2,0,0,0,5,0
2015-W49,6/12/2015,12/12/2015,7/12/2015,2,11,14,0,0,0,5,2,12,0,0,0,15,39,0,0,4,52,0,0,16,23,41,0,0,0,0,0,0,0,39,1,135,1,0,0,0,4,12
2015-W50,13/12/2015,19/12/2015,14/12/2015,0,11,22,0,0,0,7,0,4,0,0,0,15,19,2,0,4,66,0,1,25,32,51,0,2,0,0,3,7,0,54,1,164,1,0,4,0,2,23
2015-W51,20/12/2015,26/12/2015,21/12/2015,14,29,35,0,0,2,5,0,8,2,0,0,38,15,2,0,14,103,0,0,34,17,61,0,1,0,0,3,7,0,58,0,190,4,0,3,0,11,16
2015-W52,27/12/2015,2/1/2016,28/12/2015,18,37,41,0,0,0,0,0,4,13,3,0,28,23,0,0,7,114,0,0,23,21,72,0,2,0,0,5,6,0,67,2,202,9,0,2,0,11,19
2016-W01,3/1/2016,9/1/2016,4/1/2016,20,49,45,0,0,2,0,3,8,17,4,0,34,38,2,0,9,137,0,0,37,23,85,0,2,2,0,3,2,0,86,0,239,10,0,6,0,20,28
2016-W02,10/1/2016,16/1/2016,11/1/2016,13,60,25,2,2,4,4,3,14,38,12,0,59,44,4,0,20,174,0,0,37,36,93,4,4,2,0,2,3,0,106,0,230,12,0,5,0,24,37
2016-W03,17/1/2016,23/1/2016,18/1/2016,26,120,29,2,2,1,8,4,17,44,4,0,72,55,2,0,25,202,0,0,55,44,98,1,2,4,2,6,6,0,131,0,267,13,0,16,0,25,67
2016-W04,24/1/2016,30/1/2016,26/1/2016,39,153,24,2,2,8,5,2,19,39,10,8,124,81,8,0,46,158,0,0,76,40,108,1,3,13,8,20,7,0,158,0,323,2,0,11,0,55,87
2016-W05,31/1/2016,6/2/2016,1/2/2016,43,150,31,0,0,5,4,4,5,43,14,5,138,107,7,0,36,178,0,0,87,44,112,3,5,10,5,29,2,0,164,3,340,2,0,11,0,64,101
2016-W06,7/2/2016,13/2/2016,10/2/2016,46,177,10,0,0,8,9,5,7,44,9,6,158,100,12,0,44,128,0,0,98,21,4,3,0,2,10,31,2,0,161,3,340,3,0,22,0,33,126
2016-W07,14/2/2016,20/2/2016,15/2/2016,54,169,13,0,5,0,11,0,8,2,1,8,131,102,19,0,46,104,0,0,51,14,14,2,3,4,16,21,2,0,109,0,327,0,0,13,0,46,123
2016-W08,21/2/2016,27/2/2016,23/2/2016,77,129,15,0,2,2,4,2,2,3,5,5,107,88,30,0,49,109,0,0,75,3,9,1,4,2,3,29,4,0,131,0,24,0,0,23,0,72,143
2016-W09,28/2/2016,5/3/2016,1/3/2016,78,118,10,0,4,0,4,0,0,22,1,0,37,114,42,0,46,133,0,0,85,3,13,0,3,5,2,31,6,0,141,2,32,2,0,12,0,72,44
2016-W10,6/3/2016,12/3/2016,7/3/2016,74,112,13,0,2,0,2,4,4,21,2,0,43,40,42,0,50,142,0,0,92,8,6,1,2,2,6,31,2,0,125,0,41,4,0,8,0,63,42
2016-W11,13/3/2016,19/3/2016,14/3/2016,42,126,20,0,0,2,0,5,8,2,1,0,37,39,2,0,42,132,0,0,88,11,15,0,0,0,5,3,3,0,29,0,55,10,0,8,0,5,41
2016-W12,20/3/2016,26/3/2016,22/3/2016,15,152,10,0,1,2,0,2,3,3,1,2,35,59,4,0,44,108,0,0,82,16,35,0,5,0,0,0,0,0,37,0,66,22,0,8,0,12,47
2016-W13,27/3/2016,2/4/2016,29/3/2016,17,143,11,0,0,2,0,1,0,8,1,0,51,39,3,0,2,121,0,0,41,10,41,0,2,0,0,0,2,0,30,0,73,16,0,15,0,8,42
2016-W14,3/4/2016,9/4/2016,4/4/2016,22,131,8,0,0,2,0,3,1,0,5,0,72,53,0,0,2,134,0,0,20,0,59,0,0,4,0,0,3,0,34,0,52,0,0,20,0,2,45
2016-W15,10/4/2016,16/4/2016,11/4/2016,10,111,0,2,0,0,0,4,0,0,9,2,79,54,2,0,6,55,0,0,30,2,74,0,2,9,1,2,0,0,25,0,63,5,0,17,3,4,60
2016-W16,17/4/2016,23/4/2016,18/4/2016,3,119,0,0,0,2,0,0,0,3,12,2,87,25,0,0,4,48,0,2,35,2,77,0,3,9,2,2,3,0,11,0,64,0,0,20,0,2,48
2016-W17,24/4/2016,30/4/2016,25/4/2016,0,89,0,0,6,2,0,0,4,0,15,0,88,37,2,0,0,63,0,0,34,3,7,0,0,0,0,0,3,0,9,0,69,0,0,27,0,3,65
2016-W18,1/5/2016,7/5/2016,3/5/2016,10,103,0,0,2,0,0,0,6,0,20,3,100,47,0,0,0,61,0,0,23,4,22,0,2,0,0,1,2,0,12,0,76,0,0,18,0,11,55
2016-W19,8/5/2016,14/5/2016,9/5/2016,12,114,4,0,0,0,0,0,1,0,16,0,104,19,0,0,2,43,0,0,35,0,12,0,0,0,5,4,6,0,15,0,75,0,0,2,0,3,50
2016-W20,15/5/2016,21/5/2016,,,,,,,,,,,,,,,,,,,,,,,,,,,,,,,,,,,,,,,,
2016-W21,22/5/2016,28/5/2016,24/5/2016,3,27,2,0,2,0,2,0,0,2,0,0,77,16,0,0,0,2,0,0,58,4,2,0,0,0,0,20,0,0,9,0,25,0,0,5,0,15,4
2016-W22,29/5/2016,4/6/2016,30/5/2016,4,34,0,0,2,0,6,2,0,2,0,2,99,18,0,0,2,2,0,0,52,4,0,0,0,0,0,35,0,0,8,0,18,0,0,0,0,17,7
2016-W23,5/6/2016,11/6/2016,6/6/2016,8,21,2,0,0,0,5,0,0,3,0,0,92,21,2,0,0,3,0,0,46,2,0,0,2,0,1,50,0,0,6,0,11,0,0,4,0,23,9
2016-W24,12/6/2016,18/6/2016,13/6/2016,9,20,8,0,0,0,8,0,1,2,0,0,104,11,3,0,2,7,0,0,29,5,0,0,0,0,6,36,0,0,13,0,18,4,0,7,0,11,4
2016-W25,19/6/2016,25/6/2016,20/6/2016,3,40,2,0,0,0,0,0,0,2,0,0,99,19,0,0,2,2,0,0,5,8,3,0,0,0,2,43,0,0,2,0,17,0,0,4,0,16,0
2016-W26,26/6/2016,2/7/2016,30/6/2016,6,90,5,0,0,0,2,0,0,0,0,0,15,8,0,0,0,1,0,0,10,0,5,0,0,0,17,42,2,0,3,0,24,6,0,0,0,21,4
2016-W27,3/7/2016,9/7/2016,4/7/2016,7,94,7,0,0,0,2,0,0,0,0,0,13,8,0,0,0,3,0,0,11,0,5,0,0,2,20,44,0,0,4,0,24,6,0,2,0,20,4
2016-W28,10/7/2016,16/7/2016,12/7/2016,19,102,7,0,0,0,2,0,0,0,0,0,28,7,0,0,0,11,0,0,27,5,10,0,5,0,36,49,0,0,7,0,31,0,0,2,0,22,2
2016-W29,17/7/2016,23/7/2016,18/7/2016,25,117,3,0,0,0,2,2,0,3,1,0,27,10,0,0,0,12,0,0,24,5,8,0,6,0,44,48,2,0,7,0,41,0,0,0,0,24,7
2016-W30,24/7/2016,30/7/2016,26/7/2016,36,162,0,0,2,0,3,2,0,0,2,0,20,8,0,0,0,15,0,0,22,1,13,0,2,3,25,54,0,0,6,0,57,2,0,1,0,25,9
2016-W31,31/7/2016,6/8/2016,1/8/2016,42,181,9,0,3,0,4,2,0,0,5,0,23,6,2,0,0,17,0,0,27,1,16,0,0,3,7,61,2,0,3,0,62,0,0,0,0,27,20
2016-W32,7/8/2016,13/8/2016,10/8/2016,48,149,0,0,5,0,7,5,4,0,9,4,5,5,1,0,7,27,0,0,21,0,20,2,0,2,11,68,0,0,4,0,71,3,0,2,0,0,22
2016-W33,14/8/2016,20/8/2016,16/8/2016,17,84,0,0,0,0,1,0,4,5,13,5,9,0,0,0,0,33,0,0,8,4,22,0,0,6,2,0,0,0,3,0,79,0,0,2,0,0,22
2016-W34,21/8/2016,27/8/2016,23/8/2016,15,77,0,0,0,1,8,2,0,9,30,11,16,2,0,0,4,34,0,0,18,2,27,3,0,8,4,0,0,0,8,0,84,0,0,1,0,2,24
2016-W35,28/8/2016,3/9/2016,29/8/2016,21,71,3,0,4,1,15,1,0,9,25,16,25,4,0,0,10,14,0,0,22,2,34,2,0,8,6,0,0,0,6,0,92,0,0,2,0,0,24
2016-W36,4/9/2016,10/9/2016,5/9/2016,0,102,0,0,4,1,14,1,0,12,31,13,27,6,0,0,21,16,0,0,32,0,40,3,2,10,12,2,0,0,10,0,7,1,0,6,0,2,32
2016-W37,11/9/2016,17/9/2016,13/9/2016,0,122,4,0,2,2,19,4,0,12,42,14,44,0,0,0,25,17,0,0,34,2,53,0,0,2,2,0,2,0,10,0,10,5,0,8,0,6,36
2016-W38,18/9/2016,24/9/2016,19/9/2016,0,132,0,0,0,2,25,4,0,8,2,14,29,7,0,0,14,11,0,0,19,1,5,0,0,0,7,0,0,0,8,0,16,0,0,0,0,0,50
2016-W39,25/9/2016,1/10/2016,26/9/2016,2,66,0,0,0,2,25,6,0,9,2,18,27,5,0,0,3,14,0,0,21,1,8,0,2,0,4,0,2,0,9,0,0,0,0,0,0,2,58
2016-W40,2/10/2016,8/10/2016,3/10/2016,0,72,0,0,0,0,15,3,0,2,2,0,29,0,0,0,8,17,0,0,23,0,8,0,0,0,0,0,0,0,11,0,0,1,0,0,0,4,61
2016-W41,9/10/2016,15/10/2016,10/10/2016,0,36,0,0,0,0,18,4,2,4,2,0,33,2,0,0,2,15,0,0,13,2,15,0,0,0,0,0,0,0,8,0,6,0,0,0,0,0,69
2016-W42,16/10/2016,22/10/2016,17/10/2016,3,32,0,0,0,0,0,0,1,2,2,0,21,8,0,0,3,6,0,0,12,0,16,0,2,0,0,2,0,0,2,0,2,0,0,0,0,0,72
2016-W43,23/10/2016,29/10/2016,24/10/2016,0,13,0,0,3,0,3,0,2,0,0,0,7,0,0,0,0,7,0,0,5,0,15,0,4,0,0,2,0,0,0,0,0,0,0,0,0,5,77
2016-W44,30/10/2016,5/11/2016,31/10/2016,0,4,0,0,4,0,0,0,0,0,0,0,8,3,0,0,0,13,0,0,0,0,18,0,0,2,0,0,0,0,0,0,0,3,0,0,0,0,80
2016-W45,6/11/2016,12/11/2016,7/11/2016,0,5,2,0,0,2,0,0,0,0,0,0,0,0,0,0,0,10,0,0,2,1,22,0,0,0,0,0,0,0,0,0,2,4,0,0,0,2,82
2016-W46,13/11/2016,19/11/2016,14/11/2016,0,2,2,0,0,0,0,0,4,0,1,0,0,6,0,0,0,8,0,0,1,0,0,0,0,0,0,0,2,0,0,0,2,5,0,2,0,0,83
2016-W47,20/11/2016,26/11/2016,21/11/2016,0,4,0,0,0,0,0,0,0,0,0,0,0,9,3,0,2,0,0,0,0,0,2,0,0,0,0,0,0,0,0,0,4,0,0,0,0,0,0
2016-W48,27/11/2016,3/12/2016,28/11/2016,3,4,0,0,0,0,0,0,1,0,0,2,0,13,0,0,0,0,0,0,0,0,0,0,0,0,0,0,0,0,0,0,2,0,0,0,0,2,0
2016-W49,4/12/2016,10/12/2016,5/12/2016,4,8,0,0,4,0,7,1,3,0,0,0,3,9,0,0,2,1,0,0,0,0,0,0,0,0,0,0,0,0,0,0,0,0,0,0,0,0,2
2016-W50,11/12/2016,17/12/2016,12/12/2016,4,0,0,0,2,0,11,1,0,0,0,0,0,15,0,0,0,1,0,0,0,0,0,0,0,0,0,0,0,0,0,0,5,0,0,0,0,2,3
2016-W51,18/12/2016,24/12/2016,19/12/2016,7,0,0,0,0,0,14,0,0,0,0,0,0,19,0,0,0,3,0,0,0,2,0,0,0,0,0,0,0,0,0,0,0,0,0,0,0,2,0
2016-W52,25/12/2016,31/12/2016,27/12/2016,3,0,0,0,0,0,24,0,0,0,0,0,2,20,0,0,0,1,0,0,0,5,0,0,0,0,0,0,0,0,0,0,2,0,0,0,0,2,0
2017-W01,1/1/2017,7/1/2017,3/1/2017,4,0,0,0,0,0,31,0,0,0,2,0,0,14,3,0,0,4,0,0,0,1,0,0,0,0,0,0,0,0,0,0,3,0,0,0,0,0,0
2017-W02,8/1/2017,14/1/2017,9/1/2017,6,0,0,0,0,0,31,0,0,2,2,0,4,0,3,0,0,0,0,0,0,4,0,0,0,0,0,0,2,0,0,0,10,0,0,0,0,0,0
2017-W03,15/1/2017,21/1/2017,16/1/2017,9,0,0,0,0,0,0,0,0,0,5,0,0,8,2,0,0,5,0,0,0,9,0,0,0,0,0,0,0,0,0,0,15,0,0,0,0,0,0
2017-W04,22/1/2017,28/1/2017,23/1/2017,14,0,0,0,2,0,0,0,0,2,4,0,0,11,0,0,0,5,0,0,0,10,0,0,0,0,0,0,0,0,0,0,17,0,0,0,0,0,0
2017-W05,29/1/2017,4/2/2017,31/1/2017,2,0,0,0,2,0,3,0,0,0,0,0,0,4,0,0,0,0,0,0,0,11,0,0,0,0,0,0,0,0,0,0,27,0,0,4,0,2,0
2017-W06,5/2/2017,11/2/2017,6/2/2017,0,0,0,0,2,0,0,0,0,2,4,0,0,4,0,0,0,0,0,0,0,0,0,0,0,0,0,0,0,0,1,0,22,2,0,2,0,0,0
2017-W07,12/2/2017,18/2/2017,13/2/2017,0,2,0,0,3,2,0,0,0,2,7,0,0,0,0,0,2,0,0,0,2,1,0,0,0,0,0,0,0,0,2,3,24,0,0,0,0,0,0
2017-W08,19/2/2017,25/2/2017,20/2/2017,0,2,0,0,0,0,0,0,0,4,0,0,0,0,0,0,0,0,0,0,2,0,0,0,0,0,0,0,0,0,1,0,23,0,0,5,0,0,2
2017-W09,26/2/2017,4/3/2017,27/2/2017,0,3,0,0,0,0,0,0,0,0,3,0,2,0,0,0,0,0,0,0,1,0,0,0,0,0,0,0,0,0,3,0,7,0,0,4,0,0,2
2017-W10,5/3/2017,11/3/2017,7/3/2017,0,0,0,0,0,0,0,0,0,0,0,0,3,0,0,0,0,0,0,0,0,0,0,0,0,0,0,0,0,0,0,0,9,0,0,7,0,0,0
2017-W11,12/3/2017,18/3/2017,13/3/2017,0,0,0,0,0,0,0,0,0,0,0,0,3,0,0,0,0,0,0,0,0,0,0,0,0,0,0,0,0,0,0,0,5,2,0,7,0,0,0
2017-W12,19/3/2017,25/3/2017,20/3/2017,0,0,0,0,0,0,0,0,0,0,0,0,0,0,0,0,0,0,0,0,0,0,2,0,0,0,0,0,0,0,0,0,0,0,0,0,0,0,0
2017-W13,26/3/2017,1/4/2017,,,,,,,,,,,,,,,,,,,,,,,,,,,,,,,,,,,,,,,,
2017-W14,2/4/2017,8/4/2017,3/4/2017,0,6,0,0,0,0,0,0,0,0,0,0,0,0,0,0,0,0,0,0,0,0,0,0,0,0,0,0,0,0,0,0,0,0,0,0,0,4,0
2017-W15,9/4/2017,15/4/2017,10/4/2017,0,8,0,0,0,0,0,0,0,0,0,0,0,0,0,0,0,0,0,0,2,0,0,0,0,0,0,0,0,0,0,0,2,0,0,0,0,5,2
2017-W16,16/4/2017,22/4/2017,17/4/2017,0,11,0,0,0,0,0,0,0,0,0,0,2,0,0,0,0,0,0,0,0,0,0,0,0,2,0,0,0,0,0,0,0,0,0,0,0,2,0
2017-W17,23/4/2017,29/4/2017,24/4/2017,4,9,0,0,0,0,0,0,0,0,0,0,0,0,0,0,0,0,0,0,0,0,0,0,0,0,0,0,0,0,0,0,0,0,0,0,0,3,2
2017-W18,30/4/2017,6/5/2017,2/5/2017,5,0,0,0,0,0,0,0,0,0,0,0,0,0,0,0,0,0,0,0,0,0,0,0,0,0,0,0,0,0,0,0,0,0,0,0,0,5,0
2017-W19,7/5/2017,13/5/2017,8/5/2017,0,0,0,0,0,0,0,0,0,3,0,0,0,0,0,0,0,0,0,0,0,0,0,0,0,0,0,0,0,0,0,0,0,0,0,0,0,0,0
2017-W20,14/5/2017,20/5/2017,15/5/2017,3,6,0,0,0,0,0,0,0,0,0,0,0,0,0,0,2,0,0,0,0,0,0,0,0,0,0,0,0,0,0,0,0,0,0,2,0,0,0
2017-W21,21/5/2017,27/5/2017,22/5/2017,0,7,0,0,2,0,0,0,0,3,0,0,0,0,2,0,2,0,0,0,1,0,0,0,0,0,0,0,0,0,0,0,0,0,0,2,0,1,0
2017-W22,28/5/2017,3/6/2017,29/5/2017,0,11,0,0,0,0,0,0,0,4,0,0,0,0,4,0,0,0,0,0,0,0,0,0,0,0,0,0,0,0,0,0,0,2,0,0,0,2,2
2017-W23,4/6/2017,10/6/2017,5/6/2017,0,14,0,0,0,0,0,0,0,4,2,0,0,0,14,0,4,0,0,0,0,0,0,0,0,0,0,0,0,0,0,0,2,0,0,0,0,2,2
2017-W24,11/6/2017,17/6/2017,12/6/2017,0,0,0,0,0,0,0,0,0,5,1,0,0,2,18,0,5,1,0,0,0,0,0,0,0,2,0,0,0,0,0,0,0,0,0,4,0,0,0
2017-W25,18/6/2017,24/6/2017,19/6/2017,0,8,0,0,0,0,0,0,0,7,0,0,0,4,0,0,7,0,0,0,0,0,0,0,0,0,0,0,0,0,4,0,2,0,0,0,0,0,0
2017-W26,25/6/2017,1/7/2017,28/6/2017,0,11,0,0,0,0,0,0,0,8,0,0,0,10,2,0,12,1,0,0,3,0,0,0,0,0,0,0,0,0,3,0,2,0,0,2,0,4,0
2017-W27,2/7/2017,8/7/2017,3/7/2017,0,14,0,0,0,2,0,0,0,9,0,0,0,2,2,0,14,1,0,0,5,0,0,0,0,0,0,0,0,0,6,0,0,0,0,2,0,5,0
2017-W28,9/7/2017,15/7/2017,10/7/2017,0,16,0,0,0,0,0,0,0,11,0,0,0,0,0,0,0,0,0,0,2,0,3,0,0,3,0,0,0,0,2,0,2,0,0,0,0,9,0
2017-W29,16/7/2017,22/7/2017,17/7/2017,0,24,0,0,0,0,0,0,0,0,0,0,0,6,2,0,2,0,0,0,2,0,0,0,0,4,0,0,0,0,0,0,0,0,0,0,0,0,0
2017-W30,23/7/2017,29/7/2017,24/7/2017,0,25,0,0,2,0,0,0,0,2,0,0,0,11,0,0,0,0,0,0,2,0,0,0,0,0,0,0,0,0,0,0,0,0,0,0,0,2,0
2017-W31,30/7/2017,5/8/2017,31/7/2017,2,26,0,0,0,0,0,0,0,0,0,0,0,5,0,0,0,7,0,0,2,0,0,0,2,0,0,0,0,0,0,0,0,2,0,0,0,0,0
2017-W32,6/8/2017,12/8/2017,10/8/2017,0,2,0,0,0,0,0,0,0,0,3,0,0,8,0,0,0,9,0,0,1,0,0,0,0,0,0,1,0,0,5,0,0,0,0,0,0,3,0
2017-W33,13/8/2017,19/8/2017,14/8/2017,0,5,0,0,0,0,0,0,0,0,0,0,0,9,0,0,0,11,0,0,1,0,2,0,0,0,0,1,0,0,5,0,0,0,0,0,0,4,0
2017-W34,20/8/2017,26/8/2017,21/8/2017,2,7,0,0,0,0,0,0,0,0,0,0,0,14,0,0,0,13,0,0,2,0,2,0,0,0,0,0,0,0,7,0,0,0,0,0,0,0,0
2017-W35,27/8/2017,2/9/2017,29/8/2017,0,2,0,0,0,0,0,0,0,0,0,0,0,14,0,0,0,15,0,0,0,0,0,0,0,0,0,0,0,0,9,0,0,0,0,0,0,0,0
2017-W36,3/9/2017,9/9/2017,4/9/2017,0,4,0,0,3,0,0,0,0,0,0,0,0,14,0,0,0,17,0,0,2,0,0,0,0,0,0,0,0,0,12,0,0,0,0,2,0,2,0
2017-W37,10/9/2017,16/9/2017,11/9/2017,0,3,0,0,3,0,0,0,1,0,0,0,0,0,0,0,0,20,0,0,0,0,0,0,0,0,0,0,0,0,12,0,0,0,0,2,0,2,0
2017-W38,17/9/2017,23/9/2017,18/9/2017,0,0,0,0,0,0,0,0,0,0,0,0,0,4,0,0,2,1,0,0,0,0,0,0,2,0,0,0,0,0,1,0,0,0,0,0,0,0,0
2017-W39,24/9/2017,30/9/2017,25/9/2017,0,0,0,0,0,0,0,0,0,0,0,0,0,8,0,0,2,0,0,0,0,0,3,0,2,0,0,0,0,0,0,0,0,0,0,0,0,0,0
2017-W40,1/10/2017,7/10/2017,2/10/2017,0,3,0,0,0,0,0,0,0,0,0,0,0,3,0,0,0,0,0,0,0,0,0,0,0,0,0,0,0,0,0,0,0,0,0,0,0,0,0
2017-W41,8/10/2017,14/10/2017,9/10/2017,0,10,0,0,0,0,0,0,0,4,0,0,0,0,0,0,3,2,0,0,0,0,3,0,0,0,0,0,0,0,4,0,0,0,0,0,0,0,0
2017-W42,15/10/2017,21/10/2017,16/10/2017,0,20,0,0,0,0,0,0,0,0,2,0,0,0,0,0,0,0,0,0,0,1,0,0,0,0,0,0,0,0,5,0,5,0,0,1,0,0,0
2017-W43,22/10/2017,28/10/2017,23/10/2017,0,34,0,0,0,0,0,0,0,2,3,0,0,0,0,0,0,0,0,0,0,0,0,0,0,0,0,0,0,0,0,0,0,0,0,0,0,0,2
2017-W44,29/10/2017,4/11/2017,30/10/2017,0,42,0,0,0,0,0,0,0,0,3,0,2,0,2,0,0,3,0,0,0,0,2,0,0,0,0,0,0,0,0,0,0,0,0,0,0,0,2
2017-W45,5/11/2017,11/11/2017,6/11/2017,2,48,0,0,3,0,0,0,0,0,0,0,2,0,0,0,0,3,0,0,0,0,0,0,0,0,0,0,0,0,0,0,3,0,0,0,0,0,0
2017-W46,12/11/2017,18/11/2017,14/11/2017,0,47,0,0,0,0,0,0,0,0,0,0,2,0,0,0,0,0,0,0,0,0,4,0,0,0,0,0,0,0,2,0,0,0,0,0,0,2,0
2017-W47,19/11/2017,25/11/2017,20/11/2017,0,53,0,0,0,0,0,0,0,0,0,0,2,0,0,0,0,0,0,0,0,0,0,0,0,0,0,0,0,0,0,0,0,0,0,0,0,2,0
2017-W48,26/11/2017,2/12/2017,27/11/2017,0,54,0,0,0,0,0,0,0,0,2,0,2,0,0,0,0,0,0,0,0,0,0,0,0,2,0,0,0,0,0,0,2,0,0,0,0,2,0
2017-W49,3/12/2017,9/12/2017,4/12/2017,0,57,0,0,0,0,0,0,0,0,1,0,2,0,0,0,0,0,0,0,1,0,0,0,0,0,0,0,0,0,0,0,0,0,0,0,0,0,0
2017-W50,10/12/2017,16/12/2017,,,,,,,,,,,,,,,,,,,,,,,,,,,,,,,,,,,,,,,,
2017-W51,17/12/2017,23/12/2017,18/12/2017,0,62,0,0,0,0,0,0,0,0,0,0,0,0,0,0,0,0,0,0,0,0,0,0,0,0,0,0,0,0,0,0,2,0,0,3,0,0,0
2017-W52,24/12/2017,30/12/2017,26/12/2017,0,6,0,0,0,0,0,0,0,6,3,0,0,2,0,0,0,4,0,0,0,0,0,0,2,0,0,0,0,0,0,0,4,0,0,3,0,0,0
2018-W01,31/12/2017,6/1/2018,2/1/2018,0,0,0,0,0,0,0,0,0,4,0,0,0,0,0,0,0,13,0,0,0,0,6,0,2,0,0,0,0,0,0,0,8,0,0,0,0,0,0
2018-W02,7/1/2018,13/1/2018,11/1/2018,0,0,0,0,0,0,0,0,0,0,0,0,3,0,0,0,2,73,0,0,2,0,3,0,0,0,0,0,0,0,0,0,13,0,0,0,0,0,0
2018-W03,14/1/2018,20/1/2018,15/1/2018,0,0,0,0,0,0,0,0,0,0,0,0,2,2,0,0,2,81,0,0,0,0,3,0,0,0,0,0,0,0,0,0,4,0,0,0,0,0,0
2018-W04,21/1/2018,27/1/2018,22/1/2018,0,0,0,0,2,0,3,0,0,0,0,0,0,7,0,0,0,91,0,0,0,0,4,0,0,0,0,0,0,0,0,0,6,0,0,0,0,0,0
2018-W05,28/1/2018,3/2/2018,29/1/2018,0,0,0,0,0,0,0,0,0,0,0,0,0,8,0,0,0,94,0,0,0,0,0,0,0,0,0,0,0,0,0,0,9,0,0,0,0,0,4
2018-W06,4/2/2018,10/2/2018,5/2/2018,0,8,0,0,0,0,0,0,0,0,0,0,0,8,0,0,3,97,0,0,0,0,0,0,0,0,0,0,0,0,0,0,16,0,0,0,0,0,0
2018-W07,11/2/2018,17/2/2018,12/2/2018,0,12,0,0,0,0,4,0,0,0,0,0,3,11,0,0,0,98,0,0,0,0,0,0,0,0,0,0,0,0,0,0,21,0,0,0,0,0,0
2018-W08,18/2/2018,24/2/2018,19/2/2018,0,13,0,0,0,0,11,0,0,0,0,0,4,0,0,0,0,0,0,0,0,0,0,0,0,0,0,0,0,0,0,0,6,0,0,0,0,0,0
2018-W09,25/2/2018,3/3/2018,26/2/2018,0,0,0,0,0,0,12,0,0,0,0,0,0,0,0,0,0,0,0,0,0,0,0,0,0,0,0,0,0,0,0,0,0,0,0,0,0,0,0
2018-W10,4/3/2018,10/3/2018,5/3/2018,0,0,0,0,3,0,13,0,0,0,0,0,2,0,0,0,0,0,0,0,0,0,0,0,0,0,0,0,0,0,0,0,0,0,0,0,0,0,0
2018-W11,11/3/2018,17/3/2018,12/3/2018,0,2,0,0,4,0,17,0,0,0,3,0,0,3,0,0,0,0,0,0,0,0,0,0,0,0,0,0,0,0,0,0,6,0,0,0,0,0,0
2018-W12,18/3/2018,24/3/2018,20/3/2018,0,11,0,0,3,0,0,0,0,0,0,0,0,0,0,0,0,0,0,0,4,0,0,0,0,0,0,0,0,0,0,0,7,0,0,0,0,0,0
2018-W13,25/3/2018,31/3/2018,26/3/2018,0,15,0,0,0,0,0,0,0,0,0,0,0,0,0,0,2,0,0,0,0,0,0,0,0,0,0,0,0,0,0,0,5,0,0,0,0,0,0
2018-W14,1/4/2018,7/4/2018,2/4/2018,0,22,0,0,0,0,0,0,0,0,0,0,0,0,0,0,2,2,0,0,0,0,0,0,0,0,0,0,0,0,0,0,0,0,0,0,0,0,0
2018-W15,8/4/2018,14/4/2018,9/4/2018,0,33,0,0,0,0,4,0,0,0,0,0,0,0,0,0,6,0,0,0,0,0,0,0,0,0,0,0,0,0,0,0,0,0,0,2,0,0,3
2018-W16,15/4/2018,21/4/2018,16/4/2018,0,18,0,0,0,2,5,0,0,0,0,0,0,0,0,0,10,4,0,0,5,0,0,0,0,0,0,0,0,0,0,0,0,0,0,0,0,0,3
2018-W17,22/4/2018,28/4/2018,23/4/2018,0,24,0,0,0,3,6,0,0,0,0,0,3,0,0,0,20,5,0,0,6,3,0,0,0,0,0,0,0,0,0,0,0,0,0,0,0,0,0
2018-W18,29/4/2018,5/5/2018,30/4/2018,0,27,0,0,0,0,15,0,0,0,0,0,0,0,0,0,41,0,0,0,5,5,0,0,0,0,0,0,0,0,0,0,2,0,0,0,0,0,0
2018-W19,6/5/2018,12/5/2018,7/5/2018,0,37,0,0,0,0,19,0,0,0,0,0,0,0,0,0,65,0,0,0,3,6,0,0,0,0,0,0,0,0,0,0,0,0,0,0,0,0,0
2018-W20,13/5/2018,19/5/2018,14/5/2018,0,46,0,0,3,0,0,0,0,0,0,0,0,0,0,0,77,0,0,0,0,0,0,0,0,0,0,0,0,0,0,0,0,0,0,0,0,0,0
2018-W21,20/5/2018,26/5/2018,21/5/2018,0,50,0,0,0,0,5,0,0,0,0,0,0,0,0,0,84,0,0,0,2,0,0,0,0,0,0,0,0,0,0,0,0,3,0,0,0,0,0
2018-W22,27/5/2018,2/6/2018,28/5/2018,0,61,0,0,0,0,5,2,0,0,0,0,3,0,1,0,92,0,0,0,8,0,2,0,0,0,0,0,0,0,0,0,6,0,0,0,0,0,0
2018-W23,3/6/2018,9/6/2018,4/6/2018,0,63,0,0,2,4,0,2,0,0,4,0,0,0,0,0,92,0,0,0,6,2,2,0,0,0,0,0,0,0,1,0,6,0,0,0,0,0,2
2018-W24,10/6/2018,16/6/2018,11/6/2018,0,66,2,0,0,6,2,0,0,0,4,0,0,0,0,0,3,0,0,0,4,9,0,0,0,0,0,0,0,0,1,0,13,0,0,0,0,0,0
2018-W25,17/6/2018,23/6/2018,18/6/2018,0,2,0,2,0,6,6,0,0,0,0,0,2,0,0,0,0,3,0,0,0,7,3,0,0,0,0,0,0,0,1,0,15,0,0,0,0,0,0
2018-W26,24/6/2018,30/6/2018,25/6/2018,0,0,0,2,0,8,4,0,0,2,0,0,0,0,0,0,0,0,0,0,1,10,0,0,3,2,0,0,0,0,2,0,0,0,0,0,0,0,0
2018-W27,1/7/2018,7/7/2018,2/7/2018,0,1,0,0,0,0,0,0,0,0,3,2,6,0,1,0,4,0,0,0,5,0,0,0,10,4,0,0,0,0,1,0,3,0,0,0,0,0,0
2018-W28,8/7/2018,14/7/2018,9/7/2018,2,4,0,0,0,2,0,0,0,3,0,0,5,0,0,0,4,0,0,0,4,2,0,0,15,0,1,0,1,0,1,0,3,0,0,0,0,0,0
2018-W29,15/7/2018,21/7/2018,16/7/2018,0,0,0,0,0,5,0,0,0,0,0,0,8,0,0,0,0,0,0,0,0,5,0,0,17,0,0,0,0,0,0,0,0,0,0,0,0,0,5
2018-W30,22/7/2018,28/7/2018,23/7/2018,2,0,0,0,0,6,3,0,0,0,0,0,7,0,0,0,2,0,0,0,0,3,0,0,0,0,0,0,0,0,0,0,0,0,0,0,0,0,0
2018-W31,29/7/2018,4/8/2018,30/7/2018,4,0,0,0,0,0,2,0,0,2,0,0,0,0,0,0,0,0,0,0,0,0,0,0,0,0,0,4,0,0,0,0,4,0,0,0,0,2,2
2018-W32,5/8/2018,11/8/2018,6/8/2018,0,0,0,0,0,2,0,0,0,0,0,0,2,0,0,0,0,0,0,0,0,0,0,0,0,0,0,6,0,0,0,0,4,0,0,0,0,2,6
2018-W33,12/8/2018,18/8/2018,13/8/2018,0,0,0,0,0,6,0,3,0,0,0,0,1,0,2,0,0,0,0,0,7,4,0,0,0,0,0,8,0,0,0,0,10,0,0,0,0,3,7
2018-W34,19/8/2018,25/8/2018,20/8/2018,0,4,0,0,0,6,0,0,0,4,0,0,3,0,2,0,0,0,0,0,4,0,0,0,0,0,0,9,0,0,0,0,0,0,0,0,0,5,10
2018-W35,26/8/2018,1/9/2018,27/8/2018,0,5,0,0,0,0,0,0,1,0,0,0,3,0,0,0,0,0,0,0,1,2,0,0,0,0,0,9,0,0,0,0,4,0,0,2,0,3,24
2018-W36,2/9/2018,8/9/2018,3/9/2018,3,2,0,0,2,0,0,4,0,0,0,0,0,0,3,0,0,0,0,0,4,0,0,0,0,0,0,2,0,0,0,0,3,0,0,0,0,0,37
2018-W37,9/9/2018,15/9/2018,10/9/2018,5,0,4,0,3,0,0,4,0,0,0,0,0,0,0,0,0,0,0,0,5,0,0,0,0,0,0,0,0,0,6,0,0,0,0,0,0,2,52
2018-W38,16/9/2018,22/9/2018,17/9/2018,0,0,6,0,0,0,0,0,1,0,0,0,0,2,2,0,0,0,0,0,0,0,0,0,0,0,0,6,0,0,5,0,1,0,0,0,0,3,63
2018-W39,23/9/2018,29/9/2018,25/9/2018,2,0,0,0,0,0,0,1,0,0,1,2,0,0,0,0,2,6,0,0,0,1,0,0,0,0,0,2,0,0,9,0,0,0,0,0,0,6,72
2018-W40,30/9/2018,6/10/2018,1/10/2018,3,2,0,0,0,0,0,0,0,0,0,2,0,0,0,0,2,0,0,0,2,0,0,0,0,0,0,2,0,0,0,0,0,0,0,0,0,9,55
2018-W41,7/10/2018,13/10/2018,8/10/2018,5,0,0,0,0,3,0,1,0,2,0,0,0,0,0,0,0,0,0,0,5,0,2,0,0,0,0,0,0,0,0,0,0,0,0,0,0,12,6
2018-W42,14/10/2018,20/10/2018,15/10/2018,3,4,2,0,5,3,0,1,0,0,0,0,0,0,0,0,3,0,0,0,4,0,0,0,0,0,0,1,0,0,0,0,0,0,0,0,0,13,4
2018-W43,21/10/2018,27/10/2018,22/10/2018,4,11,3,0,3,0,0,1,0,0,0,0,0,0,0,0,0,0,0,0,9,0,0,0,0,2,0,1,0,0,0,0,0,0,0,0,0,5,0
2018-W44,28/10/2018,3/11/2018,29/10/2018,8,14,0,0,0,0,0,0,0,0,0,0,2,0,0,0,0,0,0,0,10,0,4,0,0,3,2,1,0,0,0,0,0,0,0,1,0,9,2
2018-W45,4/11/2018,10/11/2018,5/11/2018,0,29,0,0,0,0,0,2,0,0,0,0,2,0,0,0,2,0,0,0,15,0,5,0,0,2,3,0,0,0,0,0,0,1,0,3,0,14,0
2018-W46,11/11/2018,17/11/2018,16/11/2018,0,37,6,0,5,0,0,20,0,0,0,0,0,0,0,0,0,0,0,0,19,0,2,0,2,0,0,0,0,0,0,0,2,3,0,0,0,30,0
2018-W47,18/11/2018,24/11/2018,19/11/2018,0,37,6,0,6,2,0,18,0,0,0,0,0,0,0,0,0,0,0,0,19,0,4,0,2,0,0,0,0,0,0,0,5,3,0,0,0,31,0
2018-W48,25/11/2018,1/12/2018,26/11/2018,0,46,0,0,11,2,0,30,0,0,0,0,0,2,0,0,4,0,0,0,17,0,7,0,2,0,0,0,0,0,0,0,7,1,0,0,0,35,0
2018-W49,2/12/2018,8/12/2018,3/12/2018,0,55,0,0,11,0,2,33,0,2,0,0,0,4,0,0,7,0,0,0,2,2,6,0,0,0,0,0,0,0,0,0,18,0,0,0,0,38,2
2018-W50,9/12/2018,15/12/2018,10/12/2018,0,21,0,0,12,0,7,40,0,0,0,0,0,5,0,0,4,2,0,0,0,3,0,0,0,3,0,0,0,0,0,0,28,6,0,0,0,40,1
2018-W51,16/12/2018,22/12/2018,17/12/2018,0,32,0,0,0,0,8,35,0,0,0,0,1,3,5,0,9,2,0,0,1,0,0,0,0,2,0,4,0,0,0,0,27,9,0,0,0,7,4
2018-W52,23/12/2018,29/12/2018,24/12/2018,0,46,0,0,4,0,7,0,2,2,0,0,3,7,10,0,5,3,0,0,2,4,0,0,0,2,0,6,0,0,0,0,30,13,0,0,0,11,4
2019-W01,30/12/2018,5/1/2019,31/12/2018,6,79,0,0,2,0,10,0,0,2,0,0,1,10,18,0,9,3,0,0,2,0,0,0,0,0,0,7,0,0,0,0,33,14,0,0,0,3,4
2019-W02,6/1/2019,12/1/2019,7/1/2019,3,105,0,0,0,0,14,2,2,5,0,0,5,17,34,0,16,3,0,0,4,0,4,0,0,8,0,0,0,0,0,0,43,16,0,0,0,4,9
2019-W03,13/1/2019,19/1/2019,14/1/2019,6,152,3,0,4,0,21,2,2,0,0,4,13,35,38,0,36,4,0,0,8,2,2,0,5,15,0,0,3,0,0,0,64,20,0,1,0,10,19
2019-W04,20/1/2019,26/1/2019,21/1/2019,0,183,0,0,0,0,23,2,6,0,0,0,13,46,43,0,50,9,0,0,14,2,10,2,2,17,0,3,3,0,0,0,81,24,0,4,0,18,19
2019-W05,27/1/2019,2/2/2019,29/1/2019,4,214,0,0,4,2,34,8,16,6,0,5,7,58,0,0,42,5,0,0,18,3,4,0,0,27,0,9,0,1,1,0,86,29,0,0,0,24,31
2019-W06,3/2/2019,9/2/2019,,,,,,,,,,,,,,,,,,,,,,,,,,,,,,,,,,,,,,,,
2019-W07,10/2/2019,16/2/2019,,,,,,,,,,,,,,,,,,,,,,,,,,,,,,,,,,,,,,,,
2019-W08,17/2/2019,23/2/2019,,,,,,,,,,,,,,,,,,,,,,,,,,,,,,,,,,,,,,,,
2019-W09,24/2/2019,2/3/2019,,,,,,,,,,,,,,,,,,,,,,,,,,,,,,,,,,,,,,,,
2019-W10,3/3/2019,9/3/2019,,,,,,,,,,,,,,,,,,,,,,,,,,,,,,,,,,,,,,,,
2019-W11,10/3/2019,16/3/2019,,,,,,,,,,,,,,,,,,,,,,,,,,,,,,,,,,,,,,,,
2019-W12,17/3/2019,23/3/2019,,,,,,,,,,,,,,,,,,,,,,,,,,,,,,,,,,,,,,,,
2019-W13,24/3/2019,30/3/2019,,,,,,,,,,,,,,,,,,,,,,,,,,,,,,,,,,,,,,,,
2019-W14,31/3/2019,6/4/2019,3/4/2019,12,13,0,2,0,0,6,0,4,16,0,0,9,11,0,0,1,2,0,0,21,0,0,0,0,0,0,4,0,0,2,0,0,0,0,9,0,66,4
2019-W15,7/4/2019,13/4/2019,9/4/2019,12,11,0,0,0,0,6,0,3,6,0,0,4,13,0,0,0,0,0,0,21,0,0,0,0,0,0,2,0,0,2,0,2,3,0,9,0,71,9
2019-W16,14/4/2019,20/4/2019,16/4/2019,18,28,0,0,0,0,0,0,3,0,0,0,12,13,0,0,0,1,0,0,5,0,0,0,0,0,0,0,0,0,2,0,0,4,0,10,0,52,9
2019-W17,21/4/2019,27/4/2019,23/4/2019,26,32,0,0,0,0,0,0,0,0,0,0,1,23,0,0,2,2,0,0,3,0,0,0,0,0,0,2,0,0,2,0,0,0,0,0,0,84,9
2019-W18,28/4/2019,4/5/2019,29/4/2019,25,33,0,0,0,0,0,0,0,2,0,0,13,14,0,0,0,1,0,0,5,0,0,0,0,0,0,4,0,0,2,0,0,0,0,4,0,105,12
2019-W19,5/5/2019,11/5/2019,6/5/2019,19,67,6,0,0,0,0,0,2,0,0,0,21,19,0,0,0,2,0,0,13,0,3,0,0,0,0,3,0,0,0,0,0,0,0,2,0,123,11
2019-W20,12/5/2019,18/5/2019,13/5/2019,33,101,9,0,0,0,0,0,9,3,0,0,49,26,0,0,2,8,0,0,18,0,0,0,0,2,2,1,0,0,2,0,4,0,0,7,0,194,12
2019-W21,19/5/2019,25/5/2019,22/5/2019,11,185,21,0,0,0,2,0,11,14,0,0,78,40,3,0,11,9,0,0,29,0,2,0,2,0,0,3,0,0,10,0,0,0,0,16,0,275,15
2019-W22,26/5/2019,1/6/2019,27/5/2019,17,180,29,2,0,0,2,2,11,23,0,0,103,52,6,0,14,11,0,0,29,1,3,0,3,0,0,4,3,0,10,0,0,0,0,15,0,300,18
2019-W23,2/6/2019,8/6/2019,3/6/2019,28,235,46,0,0,2,0,0,7,17,0,0,145,74,14,0,19,16,0,0,45,2,8,1,0,2,0,4,4,0,15,0,8,0,0,34,0,361,21
2019-W24,9/6/2019,15/6/2019,10/6/2019,26,271,61,0,0,0,0,3,8,30,2,3,167,59,18,0,25,23,0,0,69,4,10,0,0,1,0,3,3,0,18,0,13,0,0,44,2,407,19
2019-W25,16/6/2019,22/6/2019,19/6/2019,38,304,92,2,0,0,0,0,10,39,4,7,224,84,33,0,46,35,0,0,96,5,24,2,6,2,0,7,1,0,17,0,27,2,0,39,0,450,27
2019-W26,23/6/2019,29/6/2019,26/6/2019,34,312,105,11,2,2,0,0,8,40,5,2,248,69,37,0,36,22,0,0,86,9,52,2,6,2,0,2,0,0,2,0,36,2,0,38,0,430,28
2019-W27,30/6/2019,6/7/2019,2/7/2019,35,373,120,14,0,5,2,0,9,51,6,0,270,76,40,0,13,22,0,0,95,18,69,3,12,7,0,2,6,0,6,0,59,0,0,24,0,444,10
2019-W28,7/7/2019,13/7/2019,8/7/2019,21,438,137,22,9,4,6,0,12,59,8,0,340,86,49,0,16,47,0,0,103,20,102,3,8,8,5,3,7,0,6,0,56,0,0,45,0,287,10
2019-W29,14/7/2019,20/7/2019,16/7/2019,31,533,174,31,6,8,4,2,19,85,16,0,440,110,67,0,12,58,0,2,144,26,139,3,7,18,18,0,10,0,4,4,71,0,0,88,0,229,9
2019-W30,21/7/2019,27/7/2019,26/7/2019,54,485,78,46,17,2,9,4,35,108,24,2,454,133,85,0,20,77,0,2,104,13,187,7,0,41,31,3,6,0,11,0,45,17,0,75,0,76,14
2019-W31,28/7/2019,3/8/2019,,,,,,,,,,,,,,,,,,,,,,,,,,,,,,,,,,,,,,,,
2019-W32,4/8/2019,10/8/2019,8/8/2019,87,400,123,5,26,5,10,6,40,178,30,0,260,146,83,0,25,74,0,0,108,10,212,4,5,54,40,6,4,1,11,0,64,14,0,93,0,89,17
2019-W33,11/8/2019,17/8/2019,16/8/2019,98,396,142,9,31,0,11,8,46,214,36,3,249,135,91,0,12,62,0,0,115,6,207,4,9,63,50,0,4,1,7,0,68,25,0,110,0,75,24
2019-W34,18/8/2019,24/8/2019,23/8/2019,113,237,166,11,34,0,13,4,46,248,35,0,223,129,2,0,16,71,0,0,118,7,76,0,16,70,56,4,4,3,12,2,83,26,0,137,0,19,22
2019-W35,25/8/2019,31/8/2019,30/8/2019,132,186,195,0,42,2,15,5,4,271,9,1,200,144,3,0,12,38,0,0,80,3,104,0,24,84,43,3,8,3,13,2,34,31,0,102,0,17,21
2019-W36,1/9/2019,7/9/2019,6/9/2019,110,162,225,0,19,2,3,4,0,271,5,4,38,166,3,0,9,34,0,1,72,9,105,1,22,78,1,7,13,3,20,0,24,45,0,113,0,22,3
2019-W37,8/9/2019,14/9/2019,13/9/2019,102,136,143,0,21,0,6,2,4,264,5,4,43,166,4,0,6,44,0,0,42,6,114,0,30,87,3,0,12,0,22,0,43,45,0,31,0,26,0
2019-W38,15/9/2019,21/9/2019,20/9/2019,117,174,158,0,23,0,13,0,3,152,5,2,28,178,7,0,19,42,0,0,54,0,39,0,39,94,3,2,16,4,26,0,63,41,0,38,0,24,3
2019-W39,22/9/2019,28/9/2019,27/9/2019,111,189,174,0,8,2,19,2,4,145,0,0,25,102,4,0,23,34,0,0,54,5,51,0,46,0,9,8,9,5,29,0,70,5,0,41,0,27,5
2019-W40,29/9/2019,5/10/2019,4/10/2019,22,190,123,0,0,2,26,4,2,154,0,3,17,6,7,0,26,41,0,0,60,0,27,0,41,6,9,11,12,7,28,0,64,8,0,46,0,22,2
2019-W41,6/10/2019,12/10/2019,11/10/2019,45,203,45,2,0,0,30,4,4,150,0,4,18,6,5,0,24,40,0,0,33,0,28,0,50,2,8,6,12,7,12,0,41,4,0,45,0,2,0
2019-W42,13/10/2019,19/10/2019,18/10/2019,47,221,5,2,0,0,9,0,4,161,0,6,14,9,6,0,34,49,0,0,38,0,49,0,57,2,23,12,18,7,15,0,41,0,0,4,0,6,2
2019-W43,20/10/2019,26/10/2019,25/10/2019,25,94,9,0,0,0,14,0,4,149,0,3,0,15,13,0,33,10,0,0,53,0,57,0,55,1,48,9,26,9,9,0,23,0,0,7,0,2,6
2019-W44,27/10/2019,2/11/2019,1/11/2019,18,106,12,0,9,0,27,1,7,153,0,0,0,16,19,0,38,11,0,0,37,3,65,0,68,1,62,10,30,9,13,3,22,3,0,7,0,5,0
2019-W45,3/11/2019,9/11/2019,8/11/2019,28,122,25,0,8,4,15,1,7,175,0,4,9,21,34,0,61,16,0,0,56,0,76,0,38,0,89,10,6,9,18,0,2,5,0,7,0,1,2
2019-W46,10/11/2019,16/11/2019,15/11/2019,32,142,24,4,4,2,33,2,3,176,0,5,10,30,44,0,89,19,0,0,62,0,81,0,42,2,150,0,8,9,20,0,7,5,0,5,0,9,0
2019-W47,17/11/2019,23/11/2019,22/11/2019,49,81,10,5,7,0,38,0,3,194,0,5,12,41,48,0,103,6,0,0,67,0,98,0,54,1,195,0,11,0,18,0,9,5,0,3,0,5,0
2019-W48,24/11/2019,30/11/2019,29/11/2019,46,98,17,0,2,2,32,0,3,192,0,11,9,58,52,0,125,10,0,0,67,0,119,0,63,4,246,0,14,0,26,0,8,0,0,0,0,4,0
2019-W49,1/12/2019,7/12/2019,6/12/2019,56,100,11,0,3,2,32,0,0,192,0,8,5,76,53,0,109,14,0,0,78,0,134,0,49,5,286,0,15,0,32,0,0,0,0,7,3,0,2
2019-W50,8/12/2019,14/12/2019,13/12/2019,68,49,14,0,8,2,56,2,2,200,2,8,8,78,54,0,19,16,0,0,50,0,144,0,2,8,313,0,4,0,33,0,5,0,0,2,0,2,5
2019-W51,15/12/2019,21/12/2019,20/12/2019,85,51,3,3,8,3,69,2,0,204,3,9,0,53,7,0,23,12,0,0,51,0,159,0,2,8,310,4,7,0,24,0,8,2,0,0,0,6,8
2019-W52,22/12/2019,28/12/2019,27/12/2019,82,40,2,3,13,0,77,1,0,209,2,2,0,62,4,0,29,19,0,0,51,0,119,0,7,6,323,2,13,0,30,0,0,3,0,0,0,7,13
2020-W01,29/12/2019,4/1/2020,3/1/2020,54,62,5,0,13,2,74,1,2,218,0,3,0,70,15,0,31,38,0,0,52,0,123,5,12,14,329,4,18,0,26,0,4,4,0,2,0,23,13
2020-W02,5/1/2020,11/1/2020,10/1/2020,84,73,7,0,15,5,86,3,2,20,1,7,7,67,15,0,50,62,0,0,64,4,132,6,7,9,284,0,18,0,39,0,3,4,0,9,0,23,20
2020-W03,12/1/2020,18/1/2020,17/1/2020,125,77,7,1,11,6,96,3,2,14,1,7,16,74,12,0,48,70,0,0,71,3,135,7,4,7,299,0,20,0,52,0,9,4,0,13,2,16,22
2020-W04,19/1/2020,25/1/2020,24/1/2020,168,87,0,1,17,4,87,1,2,10,2,4,14,45,12,0,32,86,0,0,59,3,2,11,5,5,304,6,32,0,68,3,7,8,0,19,0,24,31
2020-W05,26/1/2020,1/2/2020,31/1/2020,192,87,2,0,20,0,7,2,4,3,5,2,19,45,10,0,43,96,0,0,70,1,0,0,12,8,223,2,35,0,70,0,2,10,0,13,3,35,45
2020-W06,2/2/2020,8/2/2020,7/2/2020,243,81,4,0,33,2,11,12,0,14,7,6,29,56,2,0,64,108,0,0,61,4,1,0,21,6,87,0,38,0,86,0,0,7,0,17,0,45,48
2020-W07,9/2/2020,15/2/2020,14/2/2020,254,23,5,2,36,0,31,16,0,16,9,14,19,46,4,0,95,107,0,0,59,3,1,0,22,7,89,0,48,0,99,0,9,10,0,7,0,53,49
2020-W08,16/2/2020,22/2/2020,21/2/2020,269,31,11,0,28,6,44,13,1,23,12,16,24,68,5,0,132,120,0,0,84,4,0,0,26,7,89,0,60,0,109,0,1,14,0,6,0,51,9
2020-W09,23/2/2020,29/2/2020,28/2/2020,298,27,9,2,39,10,49,13,0,38,15,12,28,78,13,0,157,130,0,0,90,13,3,0,26,2,87,0,68,0,85,0,9,23,0,6,0,8,3
2020-W10,1/3/2020,7/3/2020,6/3/2020,269,29,5,2,31,0,42,2,0,55,7,16,45,93,9,0,198,50,0,0,111,20,0,0,8,0,94,0,31,0,95,0,7,30,0,0,0,15,0
2020-W11,8/3/2020,14/3/2020,13/3/2020,254,40,7,0,56,4,38,7,0,68,15,2,60,111,2,0,219,65,0,0,134,21,0,0,0,4,92,0,15,0,114,0,5,33,0,7,0,24,0
2020-W12,15/3/2020,21/3/2020,20/3/2020,185,33,8,0,52,0,50,4,2,105,12,2,81,85,3,0,248,43,0,0,113,20,0,0,8,0,7,0,23,0,112,0,5,38,0,10,0,17,5
2020-W13,22/3/2020,28/3/2020,27/3/2020,188,12,9,2,27,0,20,10,4,125,19,0,111,109,0,0,245,58,0,0,105,22,0,0,12,1,13,4,27,0,45,0,13,52,0,15,0,23,11
2020-W14,29/3/2020,4/4/2020,3/4/2020,78,18,15,2,34,0,21,24,7,149,20,3,127,107,3,0,253,36,0,0,100,19,4,2,11,0,17,5,16,0,46,0,19,47,0,27,0,29,23
2020-W15,5/4/2020,11/4/2020,9/4/2020,105,17,15,0,36,0,21,31,8,154,8,0,128,129,2,0,258,32,0,0,63,0,3,2,15,0,20,5,15,1,48,2,20,0,0,37,0,31,21
2020-W16,12/4/2020,18/4/2020,17/4/2020,80,36,2,0,53,0,19,49,3,153,4,0,62,123,5,0,263,25,0,0,85,10,0,0,21,0,6,1,15,1,28,3,7,0,0,40,0,41,30
2020-W17,19/4/2020,25/4/2020,24/4/2020,108,48,8,0,65,2,20,62,9,157,2,0,76,104,6,0,86,36,0,0,118,6,2,0,11,0,10,5,13,1,46,0,18,5,0,70,2,53,31
2020-W18,26/4/2020,2/5/2020,30/4/2020,135,46,24,0,80,0,22,68,6,158,2,0,83,109,8,0,87,30,0,0,142,6,2,0,12,0,12,3,13,2,24,0,30,5,0,83,5,39,40
2020-W19,3/5/2020,9/5/2020,8/5/2020,137,38,36,0,91,4,9,74,3,157,2,3,86,74,6,0,80,10,0,0,163,2,0,0,0,3,18,4,6,0,38,3,51,8,0,103,10,47,39
2020-W20,10/5/2020,16/5/2020,15/5/2020,184,41,37,0,105,2,12,89,6,173,8,3,126,109,6,0,80,20,0,0,201,2,0,0,3,3,7,10,0,0,65,0,92,12,0,193,2,54,47
2020-W21,17/5/2020,23/5/2020,22/5/2020,239,37,49,2,115,0,9,105,5,31,15,2,138,109,0,0,83,35,0,0,214,9,0,0,10,5,7,15,4,0,71,0,120,20,0,263,2,56,56
2020-W22,24/5/2020,30/5/2020,29/5/2020,279,50,64,0,119,5,22,120,7,40,21,3,160,125,2,0,2,51,0,0,224,24,0,0,12,2,7,16,9,0,121,0,134,38,0,336,2,76,62
2020-W23,31/5/2020,6/6/2020,5/6/2020,325,87,74,0,112,6,29,80,6,39,34,0,213,115,2,0,8,71,0,0,278,38,2,0,4,4,11,22,5,3,199,0,130,63,0,473,6,59,22
2020-W24,7/6/2020,13/6/2020,,,,,,,,,,,,,,,,,,,,,,,,,,,,,,,,,,,,,,,,
2020-W25,14/6/2020,20/6/2020,,,,,,,,,,,,,,,,,,,,,,,,,,,,,,,,,,,,,,,,
2020-W26,21/6/2020,27/6/2020,,,,,,,,,,,,,,,,,,,,,,,,,,,,,,,,,,,,,,,,
2020-W27,28/6/2020,4/7/2020,3/7/2020,373,439,92,0,182,22,232,39,23,73,171,10,672,394,2,0,28,391,0,0,645,139,21,4,50,5,21,42,11,6,461,0,203,150,0,868,2,154,21
2020-W28,5/7/2020,11/7/2020,,,,,,,,,,,,,,,,,,,,,,,,,,,,,,,,,,,,,,,,
2020-W29,12/7/2020,18/7/2020,,,,,,,,,,,,,,,,,,,,,,,,,,,,,,,,,,,,,,,,
2020-W30,19/7/2020,25/7/2020,,,,,,,,,,,,,,,,,,,,,,,,,,,,,,,,,,,,,,,,
2020-W31,26/7/2020,1/8/2020,,,,,,,,,,,,,,,,,,,,,,,,,,,,,,,,,,,,,,,,
2020-W32,2/8/2020,8/8/2020,7/8/2020,678,864,145,4,153,53,338,104,43,80,333,4,1308,484,3,22,47,936,0,0,1263,181,62,16,90,119,41,79,40,2,682,0,265,312,0,683,0,256,87
2020-W33,9/8/2020,15/8/2020,,,,,,,,,,,,,,,,,,,,,,,,,,,,,,,,,,,,,,,,
2020-W34,16/8/2020,22/8/2020,,,,,,,,,,,,,,,,,,,,,,,,,,,,,,,,,,,,,,,,
2020-W35,23/8/2020,29/8/2020,,,,,,,,,,,,,,,,,,,,,,,,,,,,,,,,,,,,,,,,
2020-W36,30/8/2020,5/9/2020,,,,,,,,,,,,,,,,,,,,,,,,,,,,,,,,,,,,,,,,
2020-W37,6/9/2020,12/9/2020,,,,,,,,,,,,,,,,,,,,,,,,,,,,,,,,,,,,,,,,
2020-W38,13/9/2020,19/9/2020,18/9/2020,463,920,179,8,148,67,350,137,50,67,217,35,916,357,12,0,103,471,0,6,974,124,84,4,36,166,43,21,53,0,237,0,136,469,0,217,0,311,63
2020-W39,20/9/2020,26/9/2020,,,,,,,,,,,,,,,,,,,,,,,,,,,,,,,,,,,,,,,,
2020-W40,27/9/2020,3/10/2020,,,,,,,,,,,,,,,,,,,,,,,,,,,,,,,,,,,,,,,,
2020-W41,4/10/2020,10/10/2020,,,,,,,,,,,,,,,,,,,,,,,,,,,,,,,,,,,,,,,,
2020-W42,11/10/2020,17/10/2020,,,,,,,,,,,,,,,,,,,,,,,,,,,,,,,,,,,,,,,,
2020-W43,18/10/2020,24/10/2020,,,,,,,,,,,,,,,,,,,,,,,,,,,,,,,,,,,,,,,,
2020-W44,25/10/2020,31/10/2020,,,,,,,,,,,,,,,,,,,,,,,,,,,,,,,,,,,,,,,,
2020-W45,1/11/2020,7/11/2020,6/11/2020,22,231,12,11,50,93,12,54,8,23,26,2,8,56,5,0,84,104,0,0,95,44,240,3,11,6,45,32,79,0,7,0,228,9,0,147,0,82,0
,,,,,,,,,,,,,,,,,,,,,,,,,,,,,,,,,,,,,,,,,,
,,,,,,,,,,,,,,,,,,,,,,,,,,,,,,,,,,,,,,,,,,
,,,,,,,,,,,,,,,,,,,,,,,,,,,,,,,,,,,,,,,,,,
,,,,,,,,,,,,,,,,,,,,,,,,,,,,,,,,,,,,,,,,,,
,,,,,,,,,,,,,,,,,,,,,,,,,,,,,,,,,,,,,,,,,,
,,,,,,,,,,,,,,,,,,,,,,,,,,,,,,,,,,,,,,,,,,
,,,,,,,,,,,,,,,,,,,,,,,,,,,,,,,,,,,,,,,,,,
,,,,,,,,,,,,,,,,,,,,,,,,,,,,,,,,,,,,,,,,,,
,,,,,,,,,,,,,,,,,,,,,,,,,,,,,,,,,,,,,,,,,,
,,,,,,,,,,,,,,,,,,,,,,,,,,,,,,,,,,,,,,,,,,
,,,,,,,,,,,,,,,,,,,,,,,,,,,,,,,,,,,,,,,,,,
,,,,,,,,,,,,,,,,,,,,,,,,,,,,,,,,,,,,,,,,,,
,,,,,,,,,,,,,,,,,,,,,,,,,,,,,,,,,,,,,,,,,,
,,,,,,,,,,,,,,,,,,,,,,,,,,,,,,,,,,,,,,,,,,
,,,,,,,,,,,,,,,,,,,,,,,,,,,,,,,,,,,,,,,,,,
,,,,,,,,,,,,,,,,,,,,,,,,,,,,,,,,,,,,,,,,,,
,,,,,,,,,,,,,,,,,,,,,,,,,,,,,,,,,,,,,,,,,,
,,,,,,,,,,,,,,,,,,,,,,,,,,,,,,,,,,,,,,,,,,
,,,,,,,,,,,,,,,,,,,,,,,,,,,,,,,,,,,,,,,,,,
,,,,,,,,,,,,,,,,,,,,,,,,,,,,,,,,,,,,,,,,,,
,,,,,,,,,,,,,,,,,,,,,,,,,,,,,,,,,,,,,,,,,,
,,,,,,,,,,,,,,,,,,,,,,,,,,,,,,,,,,,,,,,,,,
,,,,,,,,,,,,,,,,,,,,,,,,,,,,,,,,,,,,,,,,,,
,,,,,,,,,,,,,,,,,,,,,,,,,,,,,,,,,,,,,,,,,,
,,,,,,,,,,,,,,,,,,,,,,,,,,,,,,,,,,,,,,,,,,
,,,,,,,,,,,,,,,,,,,,,,,,,,,,,,,,,,,,,,,,,,
,,,,,,,,,,,,,,,,,,,,,,,,,,,,,,,,,,,,,,,,,,
,,,,,,,,,,,,,,,,,,,,,,,,,,,,,,,,,,,,,,,,,,
,,,,,,,,,,,,,,,,,,,,,,,,,,,,,,,,,,,,,,,,,,
,,,,,,,,,,,,,,,,,,,,,,,,,,,,,,,,,,,,,,,,,,
,,,,,,,,,,,,,,,,,,,,,,,,,,,,,,,,,,,,,,,,,,
,,,,,,,,,,,,,,,,,,,,,,,,,,,,,,,,,,,,,,,,,,
,,,,,,,,,,,,,,,,,,,,,,,,,,,,,,,,,,,,,,,,,,
,,,,,,,,,,,,,,,,,,,,,,,,,,,,,,,,,,,,,,,,,,
,,,,,,,,,,,,,,,,,,,,,,,,,,,,,,,,,,,,,,,,,,
,,,,,,,,,,,,,,,,,,,,,,,,,,,,,,,,,,,,,,,,,,
,,,,,,,,,,,,,,,,,,,,,,,,,,,,,,,,,,,,,,,,,,
,,,,,,,,,,,,,,,,,,,,,,,,,,,,,,,,,,,,,,,,,,
,,,,,,,,,,,,,,,,,,,,,,,,,,,,,,,,,,,,,,,,,,
,,,,,,,,,,,,,,,,,,,,,,,,,,,,,,,,,,,,,,,,,,
,,,,,,,,,,,,,,,,,,,,,,,,,,,,,,,,,,,,,,,,,,
,,,,,,,,,,,,,,,,,,,,,,,,,,,,,,,,,,,,,,,,,,
,,,,,,,,,,,,,,,,,,,,,,,,,,,,,,,,,,,,,,,,,,
,,,,,,,,,,,,,,,,,,,,,,,,,,,,,,,,,,,,,,,,,,
,,,,,,,,,,,,,,,,,,,,,,,,,,,,,,,,,,,,,,,,,,
,,,,,,,,,,,,,,,,,,,,,,,,,,,,,,,,,,,,,,,,,,
,,,,,,,,,,,,,,,,,,,,,,,,,,,,,,,,,,,,,,,,,,
,,,,,,,,,,,,,,,,,,,,,,,,,,,,,,,,,,,,,,,,,,
,,,,,,,,,,,,,,,,,,,,,,,,,,,,,,,,,,,,,,,,,,
,,,,,,,,,,,,,,,,,,,,,,,,,,,,,,,,,,,,,,,,,,
,,,,,,,,,,,,,,,,,,,,,,,,,,,,,,,,,,,,,,,,,,
,,,,,,,,,,,,,,,,,,,,,,,,,,,,,,,,,,,,,,,,,,
,,,,,,,,,,,,,,,,,,,,,,,,,,,,,,,,,,,,,,,,,,
,,,,,,,,,,,,,,,,,,,,,,,,,,,,,,,,,,,,,,,,,,
,,,,,,,,,,,,,,,,,,,,,,,,,,,,,,,,,,,,,,,,,,
,,,,,,,,,,,,,,,,,,,,,,,,,,,,,,,,,,,,,,,,,,
,,,,,,,,,,,,,,,,,,,,,,,,,,,,,,,,,,,,,,,,,,
,,,,,,,,,,,,,,,,,,,,,,,,,,,,,,,,,,,,,,,,,,
,,,,,,,,,,,,,,,,,,,,,,,,,,,,,,,,,,,,,,,,,,
,,,,,,,,,,,,,,,,,,,,,,,,,,,,,,,,,,,,,,,,,,
,,,,,,,,,,,,,,,,,,,,,,,,,,,,,,,,,,,,,,,,,,
,,,,,,,,,,,,,,,,,,,,,,,,,,,,,,,,,,,,,,,,,,
,,,,,,,,,,,,,,,,,,,,,,,,,,,,,,,,,,,,,,,,,,
,,,,,,,,,,,,,,,,,,,,,,,,,,,,,,,,,,,,,,,,,,
,,,,,,,,,,,,,,,,,,,,,,,,,,,,,,,,,,,,,,,,,,
,,,,,,,,,,,,,,,,,,,,,,,,,,,,,,,,,,,,,,,,,,
,,,,,,,,,,,,,,,,,,,,,,,,,,,,,,,,,,,,,,,,,,
,,,,,,,,,,,,,,,,,,,,,,,,,,,,,,,,,,,,,,,,,,
,,,,,,,,,,,,,,,,,,,,,,,,,,,,,,,,,,,,,,,,,,
,,,,,,,,,,,,,,,,,,,,,,,,,,,,,,,,,,,,,,,,,,
,,,,,,,,,,,,,,,,,,,,,,,,,,,,,,,,,,,,,,,,,,
,,,,,,,,,,,,,,,,,,,,,,,,,,,,,,,,,,,,,,,,,,
,,,,,,,,,,,,,,,,,,,,,,,,,,,,,,,,,,,,,,,,,,
,,,,,,,,,,,,,,,,,,,,,,,,,,,,,,,,,,,,,,,,,,
,,,,,,,,,,,,,,,,,,,,,,,,,,,,,,,,,,,,,,,,,,
,,,,,,,,,,,,,,,,,,,,,,,,,,,,,,,,,,,,,,,,,,
,,,,,,,,,,,,,,,,,,,,,,,,,,,,,,,,,,,,,,,,,,
,,,,,,,,,,,,,,,,,,,,,,,,,,,,,,,,,,,,,,,,,,
,,,,,,,,,,,,,,,,,,,,,,,,,,,,,,,,,,,,,,,,,,
,,,,,,,,,,,,,,,,,,,,,,,,,,,,,,,,,,,,,,,,,,
,,,,,,,,,,,,,,,,,,,,,,,,,,,,,,,,,,,,,,,,,,
,,,,,,,,,,,,,,,,,,,,,,,,,,,,,,,,,,,,,,,,,,
,,,,,,,,,,,,,,,,,,,,,,,,,,,,,,,,,,,,,,,,,,
,,,,,,,,,,,,,,,,,,,,,,,,,,,,,,,,,,,,,,,,,,
,,,,,,,,,,,,,,,,,,,,,,,,,,,,,,,,,,,,,,,,,,
,,,,,,,,,,,,,,,,,,,,,,,,,,,,,,,,,,,,,,,,,,
,,,,,,,,,,,,,,,,,,,,,,,,,,,,,,,,,,,,,,,,,,
,,,,,,,,,,,,,,,,,,,,,,,,,,,,,,,,,,,,,,,,,,
,,,,,,,,,,,,,,,,,,,,,,,,,,,,,,,,,,,,,,,,,,
,,,,,,,,,,,,,,,,,,,,,,,,,,,,,,,,,,,,,,,,,,
,,,,,,,,,,,,,,,,,,,,,,,,,,,,,,,,,,,,,,,,,,
,,,,,,,,,,,,,,,,,,,,,,,,,,,,,,,,,,,,,,,,,,
,,,,,,,,,,,,,,,,,,,,,,,,,,,,,,,,,,,,,,,,,,
,,,,,,,,,,,,,,,,,,,,,,,,,,,,,,,,,,,,,,,,,,
,,,,,,,,,,,,,,,,,,,,,,,,,,,,,,,,,,,,,,,,,,
,,,,,,,,,,,,,,,,,,,,,,,,,,,,,,,,,,,,,,,,,,
,,,,,,,,,,,,,,,,,,,,,,,,,,,,,,,,,,,,,,,,,,
,,,,,,,,,,,,,,,,,,,,,,,,,,,,,,,,,,,,,,,,,,
,,,,,,,,,,,,,,,,,,,,,,,,,,,,,,,,,,,,,,,,,,
,,,,,,,,,,,,,,,,,,,,,,,,,,,,,,,,,,,,,,,,,,
,,,,,,,,,,,,,,,,,,,,,,,,,,,,,,,,,,,,,,,,,,
,,,,,,,,,,,,,,,,,,,,,,,,,,,,,,,,,,,,,,,,,,
,,,,,,,,,,,,,,,,,,,,,,,,,,,,,,,,,,,,,,,,,,
,,,,,,,,,,,,,,,,,,,,,,,,,,,,,,,,,,,,,,,,,,
,,,,,,,,,,,,,,,,,,,,,,,,,,,,,,,,,,,,,,,,,,
,,,,,,,,,,,,,,,,,,,,,,,,,,,,,,,,,,,,,,,,,,
,,,,,,,,,,,,,,,,,,,,,,,,,,,,,,,,,,,,,,,,,,
,,,,,,,,,,,,,,,,,,,,,,,,,,,,,,,,,,,,,,,,,,
